id,name,lat,long
HCM_00001,Lotteria,10.7824512,106.6773049
HCM_00002,Cà Phê Acoustic,10.7811643,106.6898451
HCM_00003,Cà Phê Sỏi Đá,10.7809198,106.689929
HCM_00004,Cà Phê Du Miên,10.7923386,106.6760528
HCM_00005,Cà Phê Mê Khúc,10.7987704,106.6865074
HCM_00006,KFC,10.7536456,106.6582631
HCM_00007,Lotteria,10.7528814,106.6695842
HCM_00008,KFC,10.7669666,106.6962301
HCM_00009,KFC,10.780868,106.6982351
HCM_00010,Lotteria,10.7717072,106.687498
HCM_00011,KFC,10.7573679,106.6744982
HCM_00012,Lotteria,10.7806494,106.6984325
HCM_00013,Lotteria,10.7815168,106.6926088
HCM_00014,Bánh Bao Đức Ký,10.7567772,106.6534012
HCM_00015,KFC,10.7702226,106.6938718
HCM_00016,Lotteria,10.7917715,106.6913899
HCM_00017,KFC,10.7862755,106.6660853
HCM_00018,Lotteria,10.7676493,106.6953831
HCM_00019,Lotteria,10.7559824,106.6628075
HCM_00020,KFC,10.7820677,106.6288429
HCM_00021,Nhà Hàng BBQ Chicken,10.768208,106.6841501
HCM_00022,Lotteria,10.7777196,106.6655017
HCM_00023,Lotteria,10.7677546,106.6666246
HCM_00024,Lotteria,10.7994166,106.696288
HCM_00025,Lotteria,10.7567799,106.6852501
HCM_00026,KFC,10.7886556,106.6760753
HCM_00027,KFC,10.7501568,106.650781
HCM_00028,KFC,10.7620711,106.6563833
HCM_00029,Jollibee,10.7699629,106.6821277
HCM_00030,Lotteria,10.7570454,106.6780965
HCM_00031,Cửa Hàng Thức Ăn Nhanh Chicken Town,10.7755226,106.6194713
HCM_00032,Cửa Hàng Đồ Ăn Nhanh G-Bread,10.7616574,106.6896218
HCM_00033,Lotteria,10.7882662,106.6618944
HCM_00034,Lotteria,10.7976096,106.6907825
HCM_00035,Cà Phê Vườn Xuân,10.7926596,106.6797398
HCM_00036,Khách Sạn 64,10.7673604,106.6937183
HCM_00037,Khách Sạn Sao Nam,10.7687973,106.6942749
HCM_00038,Khách Sạn Mai Phai,10.7685526,106.693038
HCM_00039,Khách Sạn Hà Vy,10.7665393,106.6912556
HCM_00040,Khách Sạn Cô Lợi,10.7620278,106.6929627
HCM_00041,Khách Sạn Dragon Palace,10.7689864,106.6941859
HCM_00042,Khách Sạn Liên Hà,10.7679206,106.6948493
HCM_00043,Khách Sạn Rạng Đông,10.7725398,106.6912687
HCM_00044,Nhà Hàng Crazy Buffalo,10.767375,106.6941425
HCM_00045,Go 2 Bar,10.7672775,106.69391
HCM_00046,Nhà Hàng Pizza Fixme,10.7680337,106.6938158
HCM_00047,Cà Phê Amenity,10.7682761,106.6936656
HCM_00048,Nhà Hàng Đồ Ăn Việt Nam Aroma,10.7684684,106.6938884
HCM_00049,Bánh Canh Hoàng Ty,10.7917311,106.6915979
HCM_00050,Cà Phê Napoli,10.7732622,106.6938064
HCM_00051,Cafe Thứ 7,10.7853912,106.6966905
HCM_00052,Khách Sạn Mifuki Boutique,10.7718577,106.6951014
HCM_00053,Khách Sạn Saigon Sports 3,10.7685951,106.694409
HCM_00054,Thuan Thien Hotel,10.7717128,106.6956525
HCM_00055,Cà Phê Au Parc,10.7787503,106.6981182
HCM_00056,Khách Sạn Saigon Backpacker's,10.7685636,106.6932193
HCM_00057,Khách Sạn 4 Roses,10.7673047,106.6790131
HCM_00058,Nhà Hàng Vietnamese Kitchen,10.7666137,106.6922676
HCM_00059,Khách Sạn Vườn Sài Gòn,10.7724651,106.67099
HCM_00060,Cà Phê Đá,10.7805631,106.6975344
HCM_00061,Cà Phê 4A,10.781379,106.697592
HCM_00062,Cửa Hàng Fresh Donuts,10.7827014,106.6980129
HCM_00063,Nhà Hàng Shri Lounge,10.7826304,106.6972822
HCM_00064,Hội Quán Thanh Niên,10.7819478,106.6979915
HCM_00065,Nhà Hàng Tiệc Cưới 108 Nguyễn Du,10.7754764,106.6956779
HCM_00066,Cà Phê 30-4,10.7761438,106.6946963
HCM_00067,Cà Phê Smart,10.7876581,106.6999764
HCM_00068,Nhà Hàng Honeymoon,10.7602951,106.6991702
HCM_00069,Khách Sạn Saigon Mini 5,10.7665297,106.6918613
HCM_00070,Cửa Hàng Xôi Chè Bùi Thị Xuân,10.7675882,106.6863944
HCM_00071,Topping Beef,10.7797991,106.6949139
HCM_00072,The Coffee Bean & Tea Leaf,10.7805315,106.6956539
HCM_00073,Trung Nguyên Coffee,10.7817145,106.6982688
HCM_00074,Bến Thành,10.783112,106.6980911
HCM_00075,Quán Cà Phê Papa,10.7833122,106.6956127
HCM_00076,Cà Phê Gió Bấc,10.783145,106.6955418
HCM_00077,Quán Chill Skybar,10.7704248,106.6943359
HCM_00078,Highlands Coffee,10.7686294,106.6934148
HCM_00079,The Coffee Bean & Tea Leaf,10.7680657,106.695136
HCM_00080,The Coffee Bean & Tea Leaf;235 Đồng Khởi,10.7786273,106.6999908
HCM_00081,Cà Phê Cuộc Sống Dễ Dàng,10.7826261,106.6965122
HCM_00082,Quán Phở 2000,10.7718157,106.697747
HCM_00083,Trung Nguyên Coffee,10.772661,106.6954006
HCM_00084,Nhà Hàng Ngon,10.7773464,106.6996325
HCM_00085,Nhà Hàng Rơm BBQ,10.7736789,106.6992615
HCM_00086,Phở 24,10.7718553,106.6975823
HCM_00087,Nhà Hàng Nướng Barbecue Garden,10.7748184,106.6992492
HCM_00088,Khách Sạn Windsor Plaza Sài Gòn,10.758007,106.6732829
HCM_00089,Cafe Trung Nguyên,10.7563655,106.685485
HCM_00090,Cà Phê Quỳnh,10.77977,106.661781
HCM_00091,Highlands Coffee,10.7809781,106.6980644
HCM_00092,Phở Bắc Hải,10.7838752,106.6992161
HCM_00093,Nhà Hàng Pháp Hoa,10.767809,106.688677
HCM_00094,Quán Ăn Hoàng Ký 1,10.755919,106.676499
HCM_00095,Khách Sạn Nam Hy,10.7557373,106.6760578
HCM_00096,Pizza Hut Nguyễn Trãi,10.7565057,106.6760334
HCM_00097,Bún Bò Huế Gia Hội,10.78415,106.6975046
HCM_00098,Nhà Hàng Hồ Tây,10.784324,106.697355
HCM_00099,Khách Sạn Hoàng Hải Long,10.7715128,106.6942511
HCM_00100,Cafe Thềm Xưa,10.759976,106.685927
HCM_00101,Quán Cơm Gà Xối Mỡ,10.786308,106.671644
HCM_00102,Khách Sạn Đại Huy Hoàng,10.7672409,106.6909759
HCM_00103,Trà sữa Tea Cup,10.7980613,106.6885019
HCM_00104,Cà Phê Bud's,10.7980034,106.688636
HCM_00105,Pizza Hut,10.7972201,106.6907929
HCM_00106,Nhà Hàng Sumo BBQ,10.797523,106.689728
HCM_00107,Quán Ăn Vương Gia Tửu,10.7978659,106.6874239
HCM_00108,Nhà Hàng Quảng Đông San Fu Lou,10.7985189,106.6874636
HCM_00109,Khách Sạn Thanh Quỳnh,10.7986593,106.6879678
HCM_00110,Cà Phê Bobby Brewers,10.7887204,106.676627
HCM_00111,Central Parc Bánh Mì,10.7787487,106.6985432
HCM_00112,Starbucks,10.7788646,106.6982455
HCM_00113,Nhà Hàng Khói Thơm,10.7806216,106.6901081
HCM_00114,Cà Phê Terrace,10.7971795,106.6735475
HCM_00115,Domino's,10.7926127,106.6959584
HCM_00116,Khách Sạn Grand Silverland,10.7736782,106.6970086
HCM_00117,Khách Sạn Hà My,10.7738995,106.6969013
HCM_00118,Cà Phê New Day,10.7739206,106.6970944
HCM_00119,Khách Sạn A&EM,10.7740997,106.6969013
HCM_00120,Khách Sạn Kelly,10.7741841,106.6970301
HCM_00121,Cà Phê TEE,10.7969963,106.6705977
HCM_00122,Cà Phê Miền Đồng Thảo,10.7972044,106.6752752
HCM_00123,Quán Ăn Pháp Ti Ti,10.7956297,106.6949528
HCM_00124,The Coffee Bean & Tea Leaf,10.7717336,106.6975733
HCM_00125,Quán Bún Chay - 13k,10.744303,106.690393
HCM_00126,Cafe Mai Hương,10.7702328,106.6527066
HCM_00127,Mì Quảng Bà Bốn,10.7912767,106.64564
HCM_00128,Quán Cà Phê 6K,10.7805883,106.6436517
HCM_00129,Cà Phê 77,10.7920273,106.6444373
HCM_00130,Nhà Hàng Hương Đồng 4,10.7942099,106.6963509
HCM_00131,KFC,10.757665,106.6998702
HCM_00132,Lotteria,10.7518041,106.6204667
HCM_00133,Nhà Hàng Tokyo Deli,10.7795329,106.6865534
HCM_00134,Coconut and Pumpkin,10.7527455,106.6585727
HCM_00135,Khách Sạn Hoàng Gia,10.7719734,106.6929079
HCM_00136,Lẩu Dê Kỳ Đồng,10.7917958,106.6972343
HCM_00137,Bánh tráng cuốn Dì Ba,10.768402,106.6467879
HCM_00138,Cà Phê Tutti Frutti Frozen Yogurt,10.7719303,106.6976976
HCM_00139,Căn Tin Thông Tin Tin Hiêu Đường Săt Sài Gòn,10.7827822,106.6768976
HCM_00140,KFC,10.7765304,106.6837229
HCM_00141,Trung Nguyên Coffee,10.7826381,106.6769835
HCM_00142,Nhà Hàng Pháp Hidden,10.7674081,106.6930818
HCM_00143,Khách Sạn Đức Minh,10.7518784,106.6740794
HCM_00144,Highlands Coffee,10.7558754,106.6839049
HCM_00145,Bún Bò Huế Nhân Trí 1,10.7622509,106.6762166
HCM_00146,Cà Phê Rita Võ,10.7603644,106.6833383
HCM_00147,Quán Bar Tokyo Club,10.7518312,106.6743051
HCM_00148,Cà Phê BB Corner,10.7728073,106.6952588
HCM_00149,Starbucks,10.7767726,106.6983083
HCM_00150,Cà Phê Dinh Y,10.727155,106.654116
HCM_00151,Khách Sạn Elegant,10.7697367,106.6882034
HCM_00152,Popeyes,10.7927545,106.6993341
HCM_00153,Cà Phê Paradise,10.7557401,106.6762805
HCM_00154,Cà Phê Anh Phán,10.7690065,106.6992927
HCM_00155,Nhà Hàng Bon,10.768989,106.699256
HCM_00156,Cà Phê Lãng,10.776069,106.66608
HCM_00157,Phở Bắc Hải,10.773102,106.668835
HCM_00158,Cà Phê Hello Boba,10.769426,106.697944
HCM_00159,Pizza Hut,10.776985,106.690347
HCM_00160,Nhà Hàng Hoàng Ty,10.776477,106.689956
HCM_00161,The Coffee Bean & Tea Leaf,10.778667,106.6980739
HCM_00162,Cà Phê Milano Radio,10.7994534,106.6888155
HCM_00163,Trung Nguyên Coffee,10.783733,106.694489
HCM_00164,Nhà Hàng Bích Liên,10.786249,106.676706
HCM_00165,Khách Sạn Ramana,10.787734,106.6777247
HCM_00166,Cà Phê The Fig,10.797106,106.676753
HCM_00167,Cà Phê Phúc Long,10.7724413,106.6988757
HCM_00168,Khách Sạn Asian Ruby,10.771704,106.695552
HCM_00169,Ốc Tao Đàn,10.77734,106.692708
HCM_00170,Cà Phê Press,10.779376,106.6960124
HCM_00171,Tiệm Bánh Mì Xu Xu,10.7910669,106.6658064
HCM_00172,Cà Phê Eleven,10.7716401,106.6951331
HCM_00173,Cửa Hàng Burger King,10.760002,106.698807
HCM_00174,Cà Phê & Nhà Hàng IRIS18,10.7358783,106.6915593
HCM_00175,Cà Phê Thuỷ Mộc,10.777546,106.682577
HCM_00176,Highlands Coffee,10.784071,106.699901
HCM_00177,Cà Phê Mylife,10.767481,106.688215
HCM_00178,Cà Phê Soybean,10.767428,106.68829
HCM_00179,Nhà Hàng Đông Hồ,10.7745919,106.672839
HCM_00180,Nhà Hàng Kỳ Hoà 2,10.7744186,106.6716617
HCM_00181,Nhà Hàng Soya Pudding,10.767854,106.686372
HCM_00182,Cà Phê Regina,10.778345,106.699128
HCM_00183,Starbucks,10.7974626,106.6900114
HCM_00184,Nhà Hàng ThaiExpress,10.7983638,106.6878608
HCM_00185,Nhà Hàng Kichi - Kichi,10.7978158,106.689146
HCM_00186,Bò Né 2 Chị Em,10.7976159,106.6895901
HCM_00187,KFC,10.792697,106.6972888
HCM_00188,Cà Phê Chum,10.7970127,106.6905511
HCM_00189,Bánh Cuốn Tây Hồ,10.7998015,106.6849475
HCM_00190,Cơm Gà Tam Kỳ,10.7977045,106.689422
HCM_00191,Cà Phê Phin,10.7990903,106.6885169
HCM_00192,Cà Phê Lộc Vừng,10.7968052,106.686666
HCM_00193,Quán Lẩu Dê 304,10.7966788,106.6649293
HCM_00194,Pizza Inn,10.7927834,106.6800134
HCM_00195,Nhà Hàng Chay Lá Bồ Đề,10.7994051,106.6861389
HCM_00196,Khách Sạn Green,10.792027,106.678266
HCM_00197,Khách Sạn Vàng Anh,10.7979061,106.6897753
HCM_00198,Quán Cơm Dân Chủ,10.7781609,106.6812448
HCM_00199,KFC,10.7641045,106.6871413
HCM_00200,Khách Sạn New Epoch,10.7769893,106.6834978
HCM_00201,Hana Buffet,10.7835575,106.6909915
HCM_00202,Cà Phê Mylife,10.7769687,106.6980029
HCM_00203,Cà Phê Sành Điệu,10.7772892,106.6830134
HCM_00204,Phở Hùng,10.7857396,106.6949916
HCM_00205,Khách Sạn Hồng Vy,10.7868488,106.6930765
HCM_00206,Khách Sạn Liên Phương,10.7876735,106.6920492
HCM_00207,Khách Sạn A25,10.7874048,106.6923764
HCM_00208,Highlands Coffee,10.7878843,106.6917863
HCM_00209,Cơm Tấm Cali,10.7882189,106.6916737
HCM_00210,Nhà Hàng Món Huế,10.7890805,106.6905927
HCM_00211,Pizza Hut,10.7893229,106.6899973
HCM_00212,Trung Nguyên Coffee,10.7897734,106.6893777
HCM_00213,Popeyes,10.7901054,106.6893026
HCM_00214,Cà Phê Sông Hương,10.7961513,106.6913175
HCM_00215,Cà Phê No.1,10.7918912,106.6606953
HCM_00216,Cà Phê Phố,10.7913315,106.6633709
HCM_00217,Coffee Bamboo,10.7899609,106.6651494
HCM_00218,Cà Phê 33,10.7858593,106.6749946
HCM_00219,Lotteria,10.7931811,106.6590387
HCM_00220,The Coffee House,10.7992462,106.682678
HCM_00221,Khách Sạn PT,10.7991889,106.6843965
HCM_00222,Nhà Hàng Hoa Tulip 1,10.7764352,106.6846545
HCM_00223,Khách Sạn PP BackPackers,10.7673302,106.6908055
HCM_00224,Cà Phê Yes,10.792289,106.688214
HCM_00225,Khách Sạn Sunny,10.792368,106.6882328
HCM_00226,Khách Sạn Yellow House Saigon,10.7648733,106.6955744
HCM_00227,Khách Sạn Aston,10.7672561,106.6938225
HCM_00228,Khách Sạn An An,10.7677791,106.6945052
HCM_00229,Khách Sạn Saigon Sports,10.7678134,106.6945911
HCM_00230,Khách Sạn Yến Trang 2,10.7682818,106.6939965
HCM_00231,Khách Sạn Hạnh Phúc,10.7678727,106.694807
HCM_00232,Xôi vò Thảo Trần,10.7628267,106.6645622
HCM_00233,Nhà Hàng Ẩm Thực Việt Nam,10.766989,106.693433
HCM_00234,Quán Ngự Bình,10.7924466,106.6820018
HCM_00235,Khách Sạn Beautiful,10.7681899,106.6940516
HCM_00236,Khách Sạn Kiên,10.7681,106.694112
HCM_00237,Nhà Hàng Pundjab,10.7680371,106.6941696
HCM_00238,Khách Sạn Cam,10.7683559,106.6939604
HCM_00239,Khách Sạn Lan Anh,10.7681847,106.6937352
HCM_00240,Nhà Hàng Koto,10.7830786,106.6969715
HCM_00241,Bánh Xèo 46A,10.7896047,106.6912995
HCM_00242,Khách Sạn EdenStar Sài Gòn,10.7718739,106.6900291
HCM_00243,Bánh Khọt Cô Ba Vũng Tàu,10.7705632,106.6815986
HCM_00244,Nhà Hàng Vỹ Dạ,10.7749047,106.6980099
HCM_00245,Bánh Cuốn Hải Nam,10.7687389,106.6834665
HCM_00246,Quán Chả Giò Cua Biển 94,10.7903516,106.6976096
HCM_00247,Quán Cơm Tấm 390,10.7830862,106.6720457
HCM_00248,Cơm Tấm Nguyễn Văn Cừ,10.7577795,106.6845222
HCM_00249,Cà Phê Mani,10.7972507,106.6872748
HCM_00250,Bún Nước Chị Ba,10.7611535,106.6927466
HCM_00251,Bánh Xèo Mười Xiềm,10.794319,106.6779976
HCM_00252,Nhà Hàng Prem Bistro & Cafe,10.7752831,106.6894658
HCM_00253,Nhà Hàng The Organic,10.7916099,106.693465
HCM_00254,Nhà Hàng Chay Saigon 3,10.7763157,106.6866707
HCM_00255,Cà Phê Hoàng Mỹ,10.7975461,106.6766241
HCM_00256,Khách Sạn N Dung,10.7687425,106.6940811
HCM_00257,Nhà Hàng K-Pub Hoa Đào,10.7978087,106.687348
HCM_00258,Cà Phê Suối Nguồn,10.7984019,106.6680438
HCM_00259,Khách Sạn Long,10.766669,106.6896699
HCM_00260,Khách Sạn Khói,10.7667992,106.6896673
HCM_00261,Nhà Hàng The Sushi Bar 4,10.775935,106.6878807
HCM_00262,Nhà Hàng Chay Hương Sen,10.7691582,106.6912982
HCM_00263,Cà Phê Bike,10.7801585,106.6796374
HCM_00264,Nhà Hàng D'Green Salad Food Drink,10.769733,106.693061
HCM_00265,Khách Sạn GK Central,10.7744943,106.6975843
HCM_00266,Khách Sạn The Town House 50,10.7717535,106.6897307
HCM_00267,Cà Phê Zoom,10.7669277,106.6941435
HCM_00268,Pizza Hut,10.7669066,106.6941815
HCM_00269,Khách Sạn Cap Town,10.772061,106.6952015
HCM_00270,Pizza Hut,10.7807736,106.6982429
HCM_00271,Pizza Hut,10.7770084,106.6811613
HCM_00272,Pizza Hut,10.7641929,106.6824701
HCM_00273,Pizza Hut,10.7875158,106.6633102
HCM_00274,Pizza Hut,10.7633997,106.6679121
HCM_00275,Pizza Hut,10.7619691,106.6706034
HCM_00276,Cà Phê Memory,10.7988787,106.6332122
HCM_00277,Pizza Hut,10.765984,106.6450274
HCM_00278,Pizza Hut,10.7367981,106.6710632
HCM_00279,Khách Sạn 4 Sao New Pacific,10.78384,106.6828613
HCM_00280,Nhà Hàng Saigon Green House,10.7724714,106.6958298
HCM_00281,Khách Sạn Eden Garden 2,10.7682418,106.6945397
HCM_00282,Địa Đạo Phú Thọ Hòa,10.7842199,106.6312668
HCM_00283,Cà Phê MyLife,10.76423,106.6923359
HCM_00284,Cà Phê Nguyễn Hoàng,10.7716515,106.695367
HCM_00285,Cà Phê Three O’clock,10.7553326,106.6818593
HCM_00286,Nhà Hàng Asian Kitchen,10.7683337,106.6940202
HCM_00287,Nhà Hàng Sando's,10.7681633,106.6944511
HCM_00288,Cà Phê Phương Anh,10.7355457,106.6933084
HCM_00289,Cà Phê Xe,10.7867661,106.6748547
HCM_00290,Starbucks,10.7675184,106.6938961
HCM_00291,Nhà Hàng Lamenda,10.7740352,106.6970177
HCM_00292,Suite Backpackers Inn,10.7676399,106.6943165
HCM_00293,Nhà Hàng Propaganda Saigon Bistro,10.778708,106.6980884
HCM_00294,Khách Sạn Cinnamon,10.7715127,106.6923183
HCM_00295,Tiệm Mì Huê Ký,10.7572242,106.6583557
HCM_00296,Khách Sạn Hong Kong Kaiteki,10.7678485,106.6947713
HCM_00297,Cà Phê Tiny's,10.7682783,106.6944886
HCM_00298,Nhà Hàng Hummus And Grill Lebanese,10.7684387,106.6942563
HCM_00299,Nhà Hàng Cycloresto,10.7721513,106.6936449
HCM_00300,Quán Cơm Đo Đo,10.7698049,106.6867841
HCM_00301,Khách Sạn Ava 2,10.7647192,106.6950915
HCM_00302,Khách Sạn Sunrise Central,10.7737761,106.6969229
HCM_00303,KFC,10.7748908,106.6477677
HCM_00304,Cà Phê Sorrento,10.778698,106.6746396
HCM_00305,Quán Bia Ngoài Trời HOPS,10.7848414,106.6961927
HCM_00306,Nhà Hàng Trung Hoa Saigon 3,10.7746583,106.6886013
HCM_00307,Cà Phê Cẩm Tú,10.7261065,106.693271
HCM_00308,Cà Phê Trầm,10.7965646,106.6777741
HCM_00309,Khách Sạn Compass Park View,10.7723839,106.6929389
HCM_00310,Nhà Hàng L'usine,10.7731015,106.6994604
HCM_00311,Loving Hut,10.7894669,106.6953972
HCM_00312,득 브엉호텔,10.765762,106.69095
HCM_00313,Khách Sạn Lê Duy,10.770762,106.6936694
HCM_00314,Khách Sạn Cát Huy,10.766569,106.690292
HCM_00315,Burger King,10.7946773,106.650299
HCM_00316,Cà Phê - Trà Joe Coffee,10.7478046,106.6809361
HCM_00317,Nhà Hàng Cà Phê Hồ Chí Minh,10.7696927,106.6977556
HCM_00318,Cà Phê Bookworm,10.7660753,106.6910914
HCM_00319,Cafe Chất,10.7383048,106.6681103
HCM_00320,The Coffee House;Đá Muối Himalaya DamiLama,10.796404,106.690969
HCM_00321,The Coffee House,10.7932368,106.6959784
HCM_00322,The Coffee House,10.778179,106.681205
HCM_00323,The Coffee House,10.794449,106.6680251
HCM_00324,The Coffee House,10.7855259,106.6819458
HCM_00325,Trà sữa TenRen,10.7831114,106.6962575
HCM_00326,The Coffee House,10.7740652,106.668449
HCM_00327,Nhà Hàng - Cafe Bookworm's,10.7663169,106.6913488
HCM_00328,The Coffee House,10.7718466,106.6574966
HCM_00329,The Coffee House,10.7683299,106.6988431
HCM_00330,Nhà Hàng Gà Ta Sơn Ca,10.7824237,106.6672365
HCM_00331,Khách Sạn Mai Yến,10.7817062,106.668381
HCM_00332,Khách Sạn 68,10.7679462,106.6950983
HCM_00333,ร้านขายยาส่ง,10.7809246,106.6660613
HCM_00334,Carl's Jr.,10.7787824,106.6996434
HCM_00335,Cà Phê Demon,10.7435037,106.6912254
HCM_00336,Nhà Hàng Gogi,10.7977766,106.6892286
HCM_00337,Nhà Hàng Bảo Hà,10.7367328,106.6422088
HCM_00338,Khách Sạn Quy Thanh,10.7724577,106.694196
HCM_00339,Phở Lệ,10.7553081,106.6736944
HCM_00340,Jolliebee Trần Hưng Đạo,10.7564895,106.6849749
HCM_00341,Khách Sạn Yến,10.7682867,106.6941009
HCM_00342,Nhà Hàng Zìn Ký,10.7692725,106.6904171
HCM_00343,Khách Sạn Blue River 2,10.7664022,106.6996139
HCM_00344,Nhà Khách Thanh,10.767335,106.69325
HCM_00345,Nhà Hàng Nam Phạm,10.778681,106.6921566
HCM_00346,Nhà Hàng Cà Phê Fly Cupcake Garden,10.782195,106.6878302
HCM_00347,Nhà Hàng Red House,10.7727251,106.6791334
HCM_00348,Sa Đéc Quán,10.7820043,106.6932163
HCM_00349,Nem Nướng Cô Điệp,10.7952872,106.6655599
HCM_00350,Nhà Hàng Chay Phi Nhung,10.7927744,106.6881528
HCM_00351,Cà Phê Thức,10.7798626,106.6924403
HCM_00352,Cà Phê Phúc An,10.7977515,106.688418
HCM_00353,Cà Phê Guitar Quận 6,10.7428895,106.6412276
HCM_00354,Cà Phê Vừng Ơi,10.7815859,106.691294
HCM_00355,Cửa Hàng Bún Bò Viên Vườn Chuối,10.7741459,106.6829523
HCM_00356,Quán Nhậu Bamboo,10.7918435,106.6626874
HCM_00357,Chất Coffee Roasters & Bistro,10.7689536,106.6977346
HCM_00358,Cà Phê Sam,10.7485051,106.6159837
HCM_00359,Highlands Coffee,10.7881332,106.6996603
HCM_00360,Khách Sạn Hoàng Liên,10.7721656,106.6907311
HCM_00361,Cơm Gà Tam Kỳ Hồng Nga,10.7685706,106.6871539
HCM_00362,Cà Phê Nubei,10.765935,106.689767
HCM_00363,Khách Sạn Hoàng Long,10.733188,106.6901635
HCM_00364,Highlands Coffee,10.7796762,106.6924435
HCM_00365,Cộng Cà Phê,10.7666057,106.69208
HCM_00366,Quán Ăn Dim Sum House,10.7688832,106.6907172
HCM_00367,Cà Phê Thy Thy,10.7872188,106.6238513
HCM_00368,Taj Mahal,10.7680805,106.6925388
HCM_00369,Khác Sạn Minh Minh Tâm,10.7709448,106.6726
HCM_00370,Khách Sạn Phương Anh,10.767744,106.6711983
HCM_00371,Lotteria,10.7707012,106.6730351
HCM_00372,Nhà Hàng Ý Mumtaz,10.7659975,106.6909905
HCM_00373,Khách Sạn Phương Anh,10.7710751,106.6701285
HCM_00374,Lẩu dê Việt,10.7335613,106.6739143
HCM_00375,Khách Sạn Huy Lộc 1,10.7658141,106.6746366
HCM_00376,Khách Sạn Bel Ami,10.7869069,106.6531977
HCM_00377,Highlands Coffee,10.7854421,106.6986902
HCM_00378,Nhà hàng Bình Xuyên,10.731559,106.6727744
HCM_00379,Cà Phê Cocobana Tea Room & Garden,10.7427982,106.6694838
HCM_00380,Cà Phê KooKu,10.783391,106.689237
HCM_00381,Viet Village,10.7886408,106.6992852
HCM_00382,Khách Sạn Giang Home,10.7356774,106.6593621
HCM_00383,Quán 163 Cyclo Bar,10.7692297,106.6942265
HCM_00384,Nhà Hàng Soul Burger,10.7724373,106.6988409
HCM_00385,Chay Việt An,10.7927434,106.6897471
HCM_00386,Bar's Bar,10.7726551,106.6971203
HCM_00387,Khách Sạn Viễn Đông,10.76806,106.69372
HCM_00388,Khách Sạn La Felix,10.7675926,106.6907033
HCM_00389,Cơm tấm Anh Tú,10.7712618,106.6301381
HCM_00390,Bánh Canh Bảy,10.7712176,106.6302457
HCM_00391,Cà Phê Lisa,10.7965478,106.6855057
HCM_00392,I Cafe,10.7373058,106.6928518
HCM_00393,Quán Bánh Đa Cua,10.7893707,106.6623077
HCM_00394,McDonald's,10.7500736,106.6283243
HCM_00395,Quán Nem Chả Năm Thu,10.7834253,106.6381266
HCM_00396,Cà Phê Bingsu World,10.7758815,106.689603
HCM_00397,Nhà Hàng Chay Hum,10.7786518,106.6920846
HCM_00398,Nhà Hàng Sari Đặc Sản Phan Thiết,10.7791058,106.669572
HCM_00399,Nhà Hàng Làng Việt,10.7807511,106.6938626
HCM_00400,Khách Sạn Anpha Boutique,10.7728676,106.697015
HCM_00401,Hủ Tiếu Sườn Né Đào,10.7718998,106.6921906
HCM_00402,Phở Hùng,10.7514173,106.6218242
HCM_00403,Khách Sạn Lê Ngân Phụng,10.7994489,106.691242
HCM_00404,Nhà Hàng Chaba Thai,10.7734967,106.6973611
HCM_00405,Nhà Hàng Spice India,10.7675973,106.694792
HCM_00406,Cà Phê Bazzan,10.7670123,106.6941169
HCM_00407,Nhà Hàng TNT BBQ,10.7722284,106.6942795
HCM_00408,Cà Phê Milano,10.7799029,106.6843953
HCM_00409,Khách Sạn Phú Lộc,10.7985073,106.6580964
HCM_00410,Khách Sạn Liva,10.7983973,106.6581407
HCM_00411,Quán Pub Universal,10.7666964,106.6919464
HCM_00412,Lẩu Mắm Bà Dú,10.7927688,106.6913594
HCM_00413,Cà Phê Felix,10.7343528,106.6600479
HCM_00414,Cà Phê Viva Star,10.7344014,106.6604488
HCM_00415,Bún Mắm Vy,10.7591873,106.6741732
HCM_00416,Highlands Coffee,10.7423362,106.6107682
HCM_00417,Phúc Long,10.7432487,106.6125418
HCM_00418,Nhà Hàng Nam Giao,10.7746281,106.6982991
HCM_00419,Cà Phê Betta Fish,10.7651367,106.6993512
HCM_00420,Nhà Hàng Cá Biển & Ốc Biển,10.7750895,106.6880279
HCM_00421,Amitaba Cafe - Ẩm Thực Chay,10.7650602,106.6975009
HCM_00422,Cà Phê Royal Tea House,10.7813628,106.6970135
HCM_00423,Mì Quảng Rau Sạch,10.7820698,106.6988275
HCM_00424,Circle K,10.7970378,106.6238513
HCM_00425,The Pizza Company,10.7674139,106.6956438
HCM_00426,Quán Bún Đậu Nhà Tôi,10.7603231,106.6689315
HCM_00427,Trung Tâm Mua Sắm Russian,10.7617399,106.6950862
HCM_00428,Khách Sạn Eden Garden,10.768162,106.6945829
HCM_00429,Nhà hàng Cố Đô,10.7589694,106.6784957
HCM_00430,Khách Sạn Green Suites,10.7650428,106.6912251
HCM_00431,Nhà Hàng Thanh Mai,10.7715838,106.6965092
HCM_00432,Khách Sạn Nguyệt Vân,10.7617934,106.691406
HCM_00433,Phở Kim,10.7745642,106.6868565
HCM_00434,Cà Phê 6k,10.766888,106.69237
HCM_00435,Nhà Hàng Salima Halal,10.7720393,106.6973647
HCM_00436,Air 360 Sky Lounge,10.7689199,106.6972018
HCM_00437,Nhà Hàng Út Cà Mau,10.7844093,106.6919069
HCM_00438,Nhà Hàng Nhật Phương,10.7901736,106.6863392
HCM_00439,Cà Phê Maison Marou French,10.7695926,106.6978674
HCM_00440,Nhà Hàng Ly Clu,10.7806711,106.6933297
HCM_00441,Nhà Hàng Non La Guys,10.7682032,106.694152
HCM_00442,Bánh Gạo Hàn Quốc & Đồ Uống,10.7636383,106.695587
HCM_00443,Cháo dinh dưỡng Tương Lai,10.7749826,106.6477087
HCM_00444,Nhà Hàng Bún Chả Phố Cổ,10.7990306,106.6863857
HCM_00445,Nhà Hàng Royal Saigon,10.7658624,106.6909327
HCM_00446,Cháo Tám Hói,10.755777,106.6780371
HCM_00447,Cà Phê Yamamoto Mattcha,10.7663744,106.6937208
HCM_00448,Khách Sạn Thanh Long,10.7704304,106.650936
HCM_00449,Khách Sạn Phong Phú,10.7653838,106.6464589
HCM_00450,Khách Sạn Hồng Nam,10.7661099,106.6423358
HCM_00451,Khách sạn Phương Vy,10.7629047,106.6584279
HCM_00452,Khách Sạn Kim Hương,10.7592294,106.6562423
HCM_00453,Khách sạn Phương Loan,10.763312,106.6591468
HCM_00454,Cà Phê [a],10.790421,106.69669
HCM_00455,Nhà Hàng Út Cà Mau,10.7618187,106.6808856
HCM_00456,Cà Phê 27,10.775562,106.6886975
HCM_00457,Quán Bar Winking Seal Bia,10.7690299,106.69696
HCM_00458,Sumo BBQ,10.7706899,106.6812507
HCM_00459,Nhà Hàng Saigon Night,10.7753264,106.6975453
HCM_00460,Cà Phê Cafio,10.7684996,106.6968797
HCM_00461,Nhà Hàng Busan,10.7942779,106.6958784
HCM_00462,Cà Phê Yên,10.7757455,106.6862278
HCM_00463,Cà Phê Fanny,10.769282,106.6962621
HCM_00464,Khách Sạn Thanh Vy,10.7704573,106.6508045
HCM_00465,Khách Sạn Thanh Loan,10.7659087,106.6446124
HCM_00466,Jovia Hotel,10.773632,106.6964836
HCM_00467,Cục Gạch Quán,10.7929997,106.6889296
HCM_00468,Khách Sạn Lee,10.7677146,106.6944025
HCM_00469,Quán Ăn Gia Đình,10.7783736,106.6865896
HCM_00470,Nhà Hàng Veggi,10.7682015,106.69456
HCM_00471,Cafe Mai,10.7653372,106.6952758
HCM_00472,Khách Sạn Beautiful Saigon 3,10.7681309,106.6941523
HCM_00473,Cà Phê La Maison,10.7920945,106.6810142
HCM_00474,Khách Sạn Le Le,10.7689685,106.6941923
HCM_00475,thuận đức,10.7678112,106.6929571
HCM_00476,Nhà Hàng Stake House,10.7678723,106.6978604
HCM_00477,គុយទាវ Hong Phat,10.7714656,106.6833353
HCM_00478,Khách Sạn Hoàng Nam,10.7523812,106.6670749
HCM_00479,Cà Phê Milestone,10.7639372,106.6929265
HCM_00480,Phở Bác Hai,10.764493,106.6942283
HCM_00481,Kingdom Beer Club,10.7955684,106.666838
HCM_00482,Nhà Hàng Mùa Vàng,10.7776498,106.661955
HCM_00483,Cửa hàng Pizza Esspy,10.7658354,106.6898055
HCM_00484,Khách Sạn Phong Phú,10.7639963,106.6618047
HCM_00485,Khách Sạn Tyna,10.7637329,106.6954621
HCM_00486,Cà Phê 55 Đặng Văn Ngữ,10.7933593,106.6687077
HCM_00487,Trà Sữa Bò Mập,10.7888074,106.6879075
HCM_00488,Nhà Hàng Vietheritage,10.7781095,106.6907907
HCM_00489,Nhà Hàng Five Oysters,10.7659253,106.6909232
HCM_00490,Cà Phê StoryM,10.7939098,106.6895222
HCM_00491,Nhà Hàng Ấn Độ Natraj,10.7712663,106.6898911
HCM_00492,Cửa Hàng Bánh Mì 37,10.7707164,106.6926468
HCM_00493,Bún riêu Nguyễn Cảnh Chân,10.7580032,106.6888134
HCM_00494,Cà Phê G,10.7998946,106.6525444
HCM_00495,Cà Phê Cy Cy,10.7869702,106.6922405
HCM_00496,Nhà Hàng Việt Chay,10.7901879,106.6841344
HCM_00497,Phở Chay Nhu,10.7869978,106.6922059
HCM_00498,Cà Phê Nấm Linh Chi,10.7917412,106.6829269
HCM_00499,Nhà Hàng Quán Bar Góc Phố,10.7674775,106.6940604
HCM_00500,Cà Phê Oto,10.7861339,106.6845894
HCM_00501,Quán Cà Phê Vừng Ơi Mở Ra,10.7808812,106.6901913
HCM_00502,Cafe De Nam - C4 Cafe,10.778591,106.6862712
HCM_00503,Quán Ăn Dương Thành,10.7559138,106.6465668
HCM_00504,Khách Sạn California,10.7625023,106.6927382
HCM_00505,Cà Phê Ban Mê,10.7861288,106.6715369
HCM_00506,BAN MÊ,10.7846772,106.6749402
HCM_00507,Quán Cà Phê Ban Mê,10.7811188,106.6705337
HCM_00508,Lẩu Mắm 140,10.797736,106.6781763
HCM_00509,Bánh Canh Trảng Bàng Cô Ba,10.7963491,106.6859114
HCM_00510,Nhà Hàng Lẩu Dê Cây Dừa 2,10.7383128,106.6220743
HCM_00511,Khách Sạn Little Brick,10.7721864,106.6903094
HCM_00512,Cà Phê Snob,10.7666766,106.6944217
HCM_00513,Khách Sạn C Central,10.7677198,106.6946223
HCM_00514,Cà Phê Fugashin,10.7788136,106.6925847
HCM_00515,Cà Phê Language Exchange,10.7899533,106.67914
HCM_00516,Ẩm Thực Chay Chân Nhu II,10.7650979,106.6948465
HCM_00517,Cà Phê Xì Gòn Phố,10.7743249,106.6691061
HCM_00518,Quán Misaki Coffee & Sushi Box,10.7747072,106.6621826
HCM_00519,Cho Thuê Căn Hộ Khách Sạn An Nhiên 1,10.7913245,106.6976414
HCM_00520,Nhà Hàng The Fish Sauce,10.7811468,106.6994239
HCM_00521,Khách Sạn Duy Tân,10.7346023,106.6736535
HCM_00522,Cà Phê Và Board Game,10.7672286,106.6964802
HCM_00523,Nhà Hàng San San,10.7909994,106.664387
HCM_00524,Thịt chó,10.785952,106.6631918
HCM_00525,Khách Sạn Lily's,10.7668923,106.693791
HCM_00526,Night Time Food Stalls,10.7832393,106.6711962
HCM_00527,Starbucks,10.7710508,106.6939121
HCM_00528,Pizza Hut,10.7873014,106.6637587
HCM_00529,Khách Sạn Fullmoon,10.7687039,106.6938307
HCM_00530,Bò Né,10.790706,106.6643434
HCM_00531,Night Food Stall,10.7874143,106.663505
HCM_00532,Cà Phê Yoyo Acoustic,10.777269,106.6899754
HCM_00533,Quán Bún Đậu Nhà Tôi 2,10.7392419,106.6913389
HCM_00534,Khách Sạn Song Anh,10.773506,106.6983461
HCM_00535,Quán Bún Đậu Nhà Tôi 2,10.739051,106.690432
HCM_00536,Nhà Hàng Cơm Chay,10.7848645,106.6626838
HCM_00537,Quán Trang,10.775254,106.6296198
HCM_00538,Nhà Hàng Broken Rice Meals,10.7881045,106.6644754
HCM_00539,Nhà Hàng Roasted Dogs,10.7871367,106.6643589
HCM_00540,Cà Phê Thảo Nguyên,10.7380857,106.6921318
HCM_00541,Khách Sạn Sasa,10.7667087,106.6939549
HCM_00542,Nhà Hàng Song Ngư,10.7726596,106.6896406
HCM_00543,Cà Phê FM,10.7787422,106.6626231
HCM_00544,Phố Nhật Quán,10.7653734,106.6968847
HCM_00545,Cửa Hàng Tteok-bokki,10.7961773,106.6748089
HCM_00546,Nhà Hàng Ichiba Sushi,10.7925044,106.6810624
HCM_00547,Cà Phê Mang Đi Effoc,10.7923469,106.6814737
HCM_00548,Highlands Coffee,10.7882519,106.6852952
HCM_00549,Nhà Hàng Food House,10.7851216,106.6888205
HCM_00550,Nhà Hàng Thế Giới Hải Sản,10.7857006,106.6904759
HCM_00551,Nhà Hàng Rắn Biển 6,10.7839859,106.6922466
HCM_00552,Nhà Hàng Bông Súng,10.7782363,106.6990416
HCM_00553,Cà Phê The Yellow Chair Specialty,10.7780582,106.6908927
HCM_00554,Phở Cao Vân,10.7847219,106.6994425
HCM_00555,Nhà hàng Baoz Dimsum,10.7531751,106.6696534
HCM_00556,Phở Hòa Pasteur,10.7868014,106.689046
HCM_00557,Khách Sạn Platinum,10.7719161,106.6955768
HCM_00558,Cà Phê Snob,10.7700226,106.6862092
HCM_00559,Khách Sạn Sunland,10.7622555,106.6961083
HCM_00560,Phở Quỳnh,10.76755,106.6905896
HCM_00561,Cà Phê Vee Ayy,10.7598947,106.690293
HCM_00562,Cà Phê Ichi Cat,10.7912198,106.6891855
HCM_00563,Domino's,10.7685858,106.6839223
HCM_00564,Nhà Hàng Gà Cơ Bắp,10.7861286,106.6713635
HCM_00565,Nhà Hàng Nướng BBQ,10.7782143,106.6807768
HCM_00566,Cơm Tấm 419,10.759614,106.6789833
HCM_00567,Quán Phở Hoa,10.7807274,106.6955072
HCM_00568,Cơm Tấm 419,10.7582104,106.6769392
HCM_00569,Cà Phê Boca,10.7451849,106.6356582
HCM_00570,Cà Phê Cũ,10.7999408,106.6592725
HCM_00571,Cà Phê Cá Mát Xa,10.7432365,106.6835587
HCM_00572,Nhà Hàng Secret Garden,10.7773229,106.6998263
HCM_00573,Đồ Ăn Đường Phố,10.7635671,106.6953841
HCM_00574,Nhà Hàng La Fiesta,10.7691924,106.6972256
HCM_00575,Khách Sạn Elios,10.7682017,106.6926014
HCM_00576,Công viên Hoa hồng,10.766783,106.6597925
HCM_00577,Cà Phê Nguyên Chất,10.7919166,106.672422
HCM_00578,Nhà hàng Hương Huyền,10.7369559,106.6571496
HCM_00579,Cà Phê Gao Trần,10.749857,106.6606372
HCM_00580,Quán Lẩu Bàu Sen,10.7576984,106.678182
HCM_00581,Nhà Hàng Ấn Độ Baba's Kitchen,10.7666611,106.6921932
HCM_00582,Khách Sạn Phát,10.7640661,106.6409571
HCM_00583,Chè Tường Phong,10.7515701,106.6649919
HCM_00584,Cà Phê Cao Nguyên,10.7647297,106.6906483
HCM_00585,Nhà Hàng Phúc Quang Chay,10.770467,106.6908778
HCM_00586,Tay Do Shin Q8,10.7342222,106.6543259
HCM_00587,Mì Quảng Cô Lý,10.7913998,106.6740218
HCM_00588,Nhà Khách Tao Đàn,10.7748122,106.6974154
HCM_00589,法國麵包,10.7566907,106.6761001
HCM_00590,Thiêm Huy Mì Gia,10.7551247,106.6727659
HCM_00591,Highlands Coffee,10.7681926,106.6675924
HCM_00592,McDonald's,10.7684342,106.6679947
HCM_00593,Cà Phê The Note,10.765998,106.6911254
HCM_00594,Cà Phê F.r.i.e.n.d.s,10.7736665,106.6977599
HCM_00595,Khách Sạn Thanh Liêm,10.7677464,106.6933762
HCM_00596,Nhà Hàng Thái Blah Blah,10.7613958,106.6898965
HCM_00597,Khách Sạn Trung Nam,10.7489831,106.6884727
HCM_00598,Really Amazing Duck,10.7628938,106.664532
HCM_00599,Cà Phê KDK,10.786663,106.6561711
HCM_00600,Nhà Hàng Yummy And Cheap!,10.7673128,106.6931455
HCM_00601,Quán Bún Đậu Nhà Tôi,10.7534575,106.673872
HCM_00602,Khách Sạn Cat,10.7714872,106.6963045
HCM_00603,Khách Sạn Ngọc Linh 2,10.7670212,106.6907062
HCM_00604,Khách Sạn Cao Sơn,10.7976719,106.6902386
HCM_00605,Đại Lý Internet Game One,10.7974,106.6890401
HCM_00606,Lắk Kêu Quán,10.7606445,106.6441647
HCM_00607,Starbucks,10.7765973,106.6836767
HCM_00608,Highlands Coffee,10.7759148,106.6853912
HCM_00609,Cà Phê Zone69,10.7769189,106.6907865
HCM_00610,Bánh Mì Hòa Mã,10.7703143,106.6817473
HCM_00611,Hanuri,10.7756575,106.6872429
HCM_00612,Nhà Hàng 3 Lá,10.7625131,106.6898195
HCM_00613,Nhà Hàng Lẩu và Nướng Grill Riverside,10.7939164,106.6862258
HCM_00614,Khách Sạn Hoàng Ngân,10.7714947,106.6900677
HCM_00615,Khách Sạn Queen Ann,10.7710074,106.6894162
HCM_00616,Cà Phê T’s,10.7909622,106.6723935
HCM_00617,Nhà Hàng May And Lounge,10.7711838,106.6896281
HCM_00618,Thuận Tuấn,10.7854835,106.6813645
HCM_00619,Nhà Hàng Chay An Lạc,10.7687422,106.6941956
HCM_00620,Nhà Hàng Dinh Y,10.7663544,106.6888404
HCM_00621,Nhà Hàng Margherita,10.768706,106.6942217
HCM_00622,King BBQ Buffet,10.771603,106.6698119
HCM_00623,Bún thịt nướng Kiều Bảo,10.7651333,106.6948075
HCM_00624,Cửa Hàng Bánh Tráng Mè,10.7877135,106.6597965
HCM_00625,Quán Bún Bò Huế Nhung,10.7893915,106.6893498
HCM_00626,Phở Phú Vương,10.7959638,106.6659284
HCM_00627,Saigon Grill Restaurant,10.7769262,106.6993038
HCM_00628,Cà Phê Today,10.7884038,106.6580522
HCM_00629,Cà Phê Cây bàng,10.794006,106.6625395
HCM_00630,Cà Phê Hùng Mập,10.7943037,106.662569
HCM_00631,Cà Phê 1076,10.7927795,106.6624913
HCM_00632,Highlands Coffee,10.7918613,106.691736
HCM_00633,Khách Sạn Du Xuân,10.7922033,106.6912585
HCM_00634,Phở Rạch Giá,10.7900563,106.6890386
HCM_00635,Cà Phê Lavida,10.78946,106.6893883
HCM_00636,Cà Phê BoBaPo Taiwan Lattea,10.7892856,106.6893096
HCM_00637,Trà Sữa Bubble House,10.7925062,106.6779109
HCM_00638,Cơm Tấm Sườn Chéo,10.79202,106.6779386
HCM_00639,Cà Phê BoBaPop Taiwan Lattea,10.7873053,106.678563
HCM_00640,Cà Phê Bon,10.7626193,106.6706383
HCM_00641,Nhà Hàng KingBBQ,10.7658219,106.6674187
HCM_00642,Burger King,10.7672988,106.667094
HCM_00643,Cà Phê Mosskafe,10.7680764,106.6671904
HCM_00644,Cà Phê Saigon,10.7700349,106.6662467
HCM_00645,Cửa Hàng Bánh Mì Hà Nội,10.775821,106.6671148
HCM_00646,Cà Phê Su Shi,10.7809955,106.6694159
HCM_00647,Phúc Long,10.7680977,106.6951653
HCM_00648,The Vintage Emporium,10.7901969,106.6992996
HCM_00649,Highlands Coffee,10.7709971,106.6698176
HCM_00650,Phúc Long,10.770752,106.6696741
HCM_00651,Starbucks,10.7703199,106.6701368
HCM_00652,Trà Sữa Hot & Cold,10.7705333,106.6699142
HCM_00653,Tealive,10.7710761,106.6696352
HCM_00654,Royaltea,10.7705939,106.6698283
HCM_00655,Trà Sữa R&B,10.7704095,106.6698015
HCM_00656,Cà Phê Bumba,10.7705438,106.6697586
HCM_00657,Cà Phê Doraemond Tofu,10.7704648,106.6696191
HCM_00658,Buffalo Wild Wings,10.7706888,106.6696459
HCM_00659,Texas Chicken,10.7706967,106.6695655
HCM_00660,Nhà Hàng Al Fresco's,10.7705728,106.6694099
HCM_00661,Nhà Hàng Món Việt 88,10.7705228,106.6694743
HCM_00662,Nhà Hàng MK,10.77042,106.6695789
HCM_00663,Nhà Hàng Lẩu Hoàng Yến,10.7704859,106.6694797
HCM_00664,Nhà Hàng Hoàng Yến Buffet,10.7704543,106.6695226
HCM_00665,Nhà Hàng Lẩu Mắm Bà Dú,10.7704121,106.6696513
HCM_00666,Lẩu Bò Vivu Sài Gòn,10.7707915,106.6694823
HCM_00667,Dairy Queen,10.7707994,106.6696084
HCM_00668,The Pizza Company,10.770694,106.6697211
HCM_00669,Sumo BBQ,10.7708679,106.6696808
HCM_00670,Nhà Hàng Hutong,10.7706822,106.6699517
HCM_00671,Nhà Hàng Osaka Osho,10.770528,106.6698042
HCM_00672,Nhà Hàng Pastamania,10.7708205,106.669536
HCM_00673,Nhà Hàng Shabu Ya,10.7703778,106.6696111
HCM_00674,Thai Express,10.7707915,106.6696728
HCM_00675,Nhà Hàng Kohako Sushi,10.7707625,106.6695252
HCM_00676,Tasiki BBQ,10.7704885,106.6698605
HCM_00677,Nhà Hàng Crystal Jade,10.7707599,106.6693616
HCM_00678,Nhà Hàng Khao Lao,10.7707639,106.6698726
HCM_00679,Trà Sữa Yu Tang,10.7707889,106.6697264
HCM_00680,Nhà Hàng Kichi Kichi,10.7704543,106.6698793
HCM_00681,Nhà Hàng Hải Sản Chang Kang Kung,10.7707494,106.6695065
HCM_00682,Nhà Hàng Sushi Kei,10.7708996,106.6695065
HCM_00683,Nhà Hàng Aka House,10.770889,106.6696084
HCM_00684,Nhà Hàng Seoul Garden,10.7706334,106.6698981
HCM_00685,Nhà Hàng Dolpan Sam,10.7704305,106.6698659
HCM_00686,Nhà Hàng Gogi Hose,10.770694,106.6693616
HCM_00687,Lotteria,10.7703989,106.669764
HCM_00688,Jollibee,10.7707599,106.6694019
HCM_00689,Cà Phê Hill Street,10.7703805,106.6696674
HCM_00690,Nhà Hàng Nihao,10.7704095,106.6698498
HCM_00691,Nhà Hàng Nam Bento,10.770449,106.6699276
HCM_00692,Nhà Hàng Aka Sushi House,10.7706334,106.6694555
HCM_00693,Nhà Hàng Hotpot,10.7706282,106.669485
HCM_00694,Nhà Hàng 48 Bistro,10.7714338,106.691936
HCM_00695,Nhà Hàng Don Chicken,10.7720053,106.692075
HCM_00696,Nhà Hàng Meat & Meet,10.7714463,106.692749
HCM_00697,Sculpture Garden,10.7747342,106.6938172
HCM_00698,Pasteur Street Brewing Co,10.7739304,106.6973809
HCM_00699,Bún bò Huế Chú Hà,10.7716935,106.6856775
HCM_00700,Hủ Tiếu Xướng Ống Sa Đéc,10.7958109,106.6955234
HCM_00701,Nhà Hàng Thai Street & Rooftop Bar,10.769648,106.6978176
HCM_00702,Quán Phở Hùng,10.764853,106.6876056
HCM_00703,Cà Phê Royaltea,10.7711166,106.6933398
HCM_00704,Khách Sạn Khói 2,10.7663971,106.6901566
HCM_00705,Quán Cơm Tấm Thuận Kiều,10.769197,106.689399
HCM_00706,Khách Sạn Hotel Des Arts Saigon,10.7820238,106.6971407
HCM_00707,Khách Sạn Giang Sơn 2,10.767188,106.6908866
HCM_00708,Sushi tei,10.7727313,106.6954152
HCM_00709,Quán Cà Phê Mellower,10.7786352,106.699858
HCM_00710,Nhà Hàng Tokyo Deli,10.7692726,106.6697555
HCM_00711,Domino's,10.7617812,106.6683576
HCM_00712,Cầu Đi Bộ Số 7,10.7458291,106.6543332
HCM_00713,Phở Bò Phú Gia,10.7863243,106.6845743
HCM_00714,Khách Sạn Aloha Saigon,10.766626,106.6911933
HCM_00715,Cà Phê Bệt,10.7798794,106.6983062
HCM_00716,Nhà Hàng Nhật Bản Sukiya,10.7843158,106.691878
HCM_00717,Nhà Hàng Zeytun,10.7660019,106.6910157
HCM_00718,Cà Phê Hạnh,10.7636548,106.6897678
HCM_00719,Quán Ăn Gia Khang,10.7608622,106.6987086
HCM_00720,Cà Phê Thức,10.7784297,106.6982091
HCM_00721,Lotteria,10.7596558,106.661446
HCM_00722,Jollibee,10.7596013,106.6614645
HCM_00723,Khách Sạn Silverland Yến,10.774313,106.6961892
HCM_00724,Cửa Hàng Pizza,10.7644192,106.6952576
HCM_00725,Cửa Hàng Đồ Chay Phước Duyên,10.7549721,106.6839695
HCM_00726,Khách Sạn Thiên Hải,10.7722708,106.6951346
HCM_00727,Quán Hủ Tíu Chay,10.7545068,106.6416815
HCM_00728,Nhà Hàng Anh Mập,10.767438,106.6927451
HCM_00729,Trà Sữa Phúc Long,10.7830975,106.6961727
HCM_00730,Weed Kush Vietnam,10.7662989,106.6913831
HCM_00731,Nhà Hàng Đất Phương Nam,10.7898909,106.6867863
HCM_00732,Khách Sạn Khánh Nguyên,10.771437,106.6621087
HCM_00733,Cà Phê Story,10.7511619,106.6492783
HCM_00734,Cà Phê Journeys Sandwich Bistro,10.7730051,106.6984535
HCM_00735,Khách Sạn NoGias,10.7604422,106.6932257
HCM_00736,Nhà Hàng Amazing Bún Thịt Nướng,10.7720975,106.6859856
HCM_00737,Nhà Hàng Cơm Nhiều Singapore,10.7711826,106.6700525
HCM_00738,Cà Phê Trend'ora,10.7744725,106.6682706
HCM_00739,hey sugar,10.7837369,106.6967649
HCM_00740,Tea Time,10.7755232,106.6675269
HCM_00741,Nhà Hàng Tân Hải Vân,10.769362,106.6902884
HCM_00742,Căn nhà số 7,10.7812901,106.6913724
HCM_00743,Nhà Hàng Dì Năm Sa Đéc,10.7682523,106.6868828
HCM_00744,Tiệm Bánh Ngọt Pháp,10.7724185,106.6964525
HCM_00745,Cà Phê Passio,10.7655414,106.6750252
HCM_00746,Lotteria,10.767519,106.6740569
HCM_00747,Cà Phê Tùng,10.7695426,106.6735634
HCM_00748,Cà Phê Viva Star,10.7709681,106.6727762
HCM_00749,Phở Hưng,10.7724516,106.6724168
HCM_00750,Khách Sạn Minh Hiếu,10.7725544,106.6720547
HCM_00751,Khách Sạn Linh Giang 2,10.7729391,106.6718683
HCM_00752,Khách Sạn Hoa Hướng Dương,10.7729891,106.671828
HCM_00753,Nhà Hàng Đông Hồ Eden,10.7736096,106.671824
HCM_00754,Cà Phê HD,10.7735952,106.6715209
HCM_00755,Khách Sạn Ánh Dương,10.7729443,106.6711467
HCM_00756,Khách Sạn Ngọc Yên,10.7728179,106.6709121
HCM_00757,Khách Sạn Đức Thiện,10.772748,106.6704896
HCM_00758,Khách Sạn Minh Hải,10.7727072,106.6703998
HCM_00759,Trà Sữa R&B,10.7730866,106.6690265
HCM_00760,Khách Sạn Yến Trang 2,10.7733672,106.6688682
HCM_00761,Mì Cay Sasin,10.773632,106.668777
HCM_00762,Trà Sữa Bobapop,10.7738086,106.6684096
HCM_00763,Cà Phê The Factory,10.7739206,106.6685705
HCM_00764,Nhà Hàng Kichi Kichi,10.7773301,106.6661773
HCM_00765,Cà Phê 003,10.7628194,106.6724449
HCM_00766,Bánh Xèo Miền Trung,10.7636547,106.6723967
HCM_00767,Sườn Trà Singapore,10.7664112,106.665067
HCM_00768,Cà Phê Simplicity,10.7662225,106.6647282
HCM_00769,Khách Sạn City House,10.7948549,106.6721246
HCM_00770,Cà Phê Vika,10.7778709,106.6810988
HCM_00771,Quán Phở 179,10.7484389,106.616606
HCM_00772,Vườn Chay Giác Duyên,10.7927472,106.6912041
HCM_00773,Jollibee,10.7751044,106.6904933
HCM_00774,The Coffee Bean & Tea Leaf,10.7642634,106.6823171
HCM_00775,The Coffee Bean & Tea Leaf,10.7743178,106.6884686
HCM_00776,Nhà Hàng Mekong Kitchen,10.7678212,106.6981206
HCM_00777,Quán Miến Kỳ Đồng,10.7830309,106.6821367
HCM_00778,The Coffee House,10.7691405,106.694594
HCM_00779,Nhà Hàng Zeus,10.7660671,106.6896212
HCM_00780,Nhà Hàng Đèn Lồng,10.7696483,106.6907927
HCM_00781,Khách Sạn E,10.7673825,106.6914225
HCM_00782,Khách Sạn Comfortable Nguyễn Trãi,10.7631948,106.6857375
HCM_00783,Nhà Hàng Ghém,10.7782608,106.6982021
HCM_00784,Cà Phê Hot,10.7460794,106.652079
HCM_00785,Quán Cơm Tấm Hoàng Minh,10.7685143,106.6950275
HCM_00786,Quán Cơm Chay Trí Đức,10.7566626,106.6781801
HCM_00787,Trà Sữa Bocha,10.7590965,106.6840063
HCM_00788,Nhà Hàng Sushi MH,10.7591014,106.6839301
HCM_00789,Cà Phê Vườn Thảo Mộc Nhật Nguyệt,10.7817169,106.6633569
HCM_00790,Bếp Bà Mập,10.7547318,106.6924365
HCM_00791,Cộng Cà Phê,10.7681879,106.6968711
HCM_00792,Khách Sạn Bùi Viện,10.7666219,106.6919821
HCM_00793,Quán Bánh Canh Phan Rang 128,10.7855681,106.6663692
HCM_00794,Khách Sạn White Lion,10.7689872,106.6832351
HCM_00795,Cà Phê Royaltea,10.7901265,106.6406975
HCM_00796,Bít tết Lục Nguyên,10.7523968,106.6671581
HCM_00797,Quán Phở 32,10.7714039,106.6923216
HCM_00798,Nhà Hàng Cơm Chay Mani,10.7718307,106.6858164
HCM_00799,King Ẩm Thực,10.7425162,106.6357323
HCM_00800,The Coffee House,10.7836677,106.6946963
HCM_00801,Quán Bar Phoenix,10.7621352,106.6749645
HCM_00802,Nhà Hàng Món Ăn Italian,10.762322,106.674923
HCM_00803,Nhà Hàng Denny's,10.7620841,106.6751703
HCM_00804,Khách Sạn Thiên Tú,10.7670326,106.6935716
HCM_00805,Happy Life Bar,10.7672164,106.6940364
HCM_00806,U Coffee,10.7949956,106.6411388
HCM_00807,Cà Phê Điện,10.7701347,106.6536889
HCM_00808,Nhà Hàng Lẩu Dê,10.7359988,106.670776
HCM_00809,Công Viên Dương 4,10.7361566,106.6705626
HCM_00810,Quán Cơm Tấm Đỗ Phủ,10.7878775,106.6772371
HCM_00811,Khách Sạn Tagahome,10.7614729,106.6982129
HCM_00812,Nhà Hàng Bếp Chay,10.7873192,106.690913
HCM_00813,Khách Sạn Kim Khởi,10.7685407,106.6930816
HCM_00814,Cà Phê Aptea,10.7687698,106.6846285
HCM_00815,Khách Sạn Blue River,10.7674193,106.691199
HCM_00816,Cà Phê Passio,10.7892303,106.6962962
HCM_00817,Gà Quay Kiểu Pháp - Picoti Rotisserie,10.7655072,106.6900295
HCM_00818,Banh Canh Cua 14,10.7593678,106.6802421
HCM_00819,Cà Phê Egg,10.7665192,106.6920803
HCM_00820,Cà Phê Nhà Hàng Journeys Sandwich,10.7701374,106.6923417
HCM_00821,Tiệm Mì Vịt Tiềm,10.7662615,106.6963583
HCM_00822,Trung Nguyên Coffee,10.7903661,106.6973349
HCM_00823,Nhà Hàng Thái Hjh Basiroh,10.7717555,106.6969429
HCM_00824,Highlands Coffee,10.7692864,106.6980978
HCM_00825,Khách Sạn Bích Duyên,10.7674363,106.6911432
HCM_00826,Quán Bún Bò Gánh,10.7795156,106.6929136
HCM_00827,Hội Quán Game Thủ Internet,10.7299972,106.6207975
HCM_00828,Nhà Cà phê Du Lich,10.7972126,106.6776541
HCM_00829,Khách Sạn Thanh Tùng,10.7967439,106.6260862
HCM_00830,Khách Sạn OYO 111 Apa Saigon,10.7912595,106.6900134
HCM_00831,Highlands Coffee,10.7956074,106.6297108
HCM_00832,Khách Sạn Saigoncity,10.7685514,106.6933595
HCM_00833,Nhà Hàng The Daun,10.7713719,106.6968416
HCM_00834,Bún Thịt Nướng - Chị Tuyền,10.7619455,106.6935584
HCM_00835,Cà Phê Thống Nhất,10.7665978,106.6796218
HCM_00836,Khách Sạn Thái Anh 1,10.7972794,106.6893767
HCM_00837,Khách Sạn Thái Anh 2,10.7971736,106.6886218
HCM_00838,Cà Phê Amazing,10.7732655,106.6990709
HCM_00839,Brick & Barrel,10.769485,106.6979082
HCM_00840,Điểm Cung Cấp Dịch Vụ Internet Inthenet,10.7615602,106.6683719
HCM_00841,Nhà Hàng Veggie Saigon,10.7634372,106.6958344
HCM_00842,Nhà Hàng Hương Việt,10.769572,106.6898831
HCM_00843,Quán Cơm Chay Sala,10.7730809,106.6891054
HCM_00844,Phở Nguyên,10.7961044,106.6238729
HCM_00845,Cơm Tấm Tú Mập,10.7932346,106.6445816
HCM_00846,Bún Đậu Nhà Làm Home Made,10.7697154,106.6925751
HCM_00847,Quán Bar Mary Jane’s,10.7902923,106.6907424
HCM_00848,nhà hàng bún bò nam bộ,10.7688924,106.699275
HCM_00849,Nhà Hàng Sushi Sun,10.7644905,106.6914365
HCM_00850,Quán Cà Phê Cheo Leo,10.7669052,106.6798031
HCM_00851,Quán Phở 36,10.7838758,106.6779339
HCM_00852,Nhà Hàng Kim Hiển,10.7922708,106.6958688
HCM_00853,Quán Bar Whisky & Wares,10.7663106,106.6945026
HCM_00854,Cơm Chay Thiên Ý,10.7299304,106.6763068
HCM_00855,Quán Bar The Sun,10.7682598,106.6941237
HCM_00856,Cà phê Chợ chim Thuận Kiều,10.7550695,106.658544
HCM_00857,Quán Ăn Mì Quảng,10.7891129,106.6989388
HCM_00858,Lão Hạc Quán,10.7957805,106.6852735
HCM_00859,Khách Sạn Saigon Park,10.7703459,106.6920769
HCM_00860,Bánh Tráng Nướng,10.7986415,106.6935915
HCM_00861,Cà Phê Lưu Gia,10.7990154,106.6879169
HCM_00862,Cà Phê 1 USD,10.7635051,106.6869405
HCM_00863,Phở Hùng,10.768855,106.6834375
HCM_00864,Quán Ốc 379,10.7631075,106.6651827
HCM_00865,Burger King,10.768326,106.6925979
HCM_00866,Royaltea,10.7696251,106.6927235
HCM_00867,Nhà Hàng Halal Amin,10.7716774,106.6968134
HCM_00868,Texas Chicken,10.7675643,106.6955132
HCM_00869,Sao Mai Hotel,10.7702718,106.6883571
HCM_00870,Highlands Coffee,10.7754667,106.6994608
HCM_00871,Pho Hien,10.7641797,106.6873551
HCM_00872,Quán Bar SHI Lounge & Rooftop,10.763169,106.6877979
HCM_00873,Quán Bar 1960 Boutique Lounge,10.7674779,106.6939826
HCM_00874,bún đậu cầu gõ,10.7677691,106.6886656
HCM_00875,Gong Cha,10.75829,106.6758914
HCM_00876,Khách Sạn Horizon,10.763385,106.6958906
HCM_00877,Cofeedy,10.7883762,106.6999326
HCM_00878,Leu,10.7881076,106.6991219
HCM_00879,The Gangs,10.7865809,106.6976742
HCM_00880,Quán Thịt Nướng Hàn Quốc,10.7685768,106.6948596
HCM_00881,Làng Nướng Nam Bộ,10.7767582,106.6637863
HCM_00882,Khách Sạn Athena,10.777739,106.6649274
HCM_00883,Jan Hostel,10.7661636,106.6932995
HCM_00884,Hai Nam Chicken Rice 海南雞飯,10.7698472,106.6976699
HCM_00885,Tous les Jours,10.7698803,106.6861584
HCM_00886,33 Le's Garden,10.7801668,106.6898398
HCM_00887,Chang Thai Cafe & Bistro,10.7800964,106.6899191
HCM_00888,Nhà Hàng Cơm Quê Mười Khó,10.7788584,106.6909072
HCM_00889,Cà Phê Nguyên,10.7791495,106.6905389
HCM_00890,Nhà Hàng Marukame Udon & Tempura,10.7728885,106.6956522
HCM_00891,Highlands Coffee,10.7762887,106.691498
HCM_00892,Cà Phê Anh Roastery,10.7829754,106.6934854
HCM_00893,Khách Sạn Cựu Kim Sơn,10.7945622,106.6668275
HCM_00894,Nhà Hàng Phúc An Khang,10.7653975,106.6820352
HCM_00895,Buddha Chay,10.7606123,106.6730074
HCM_00896,Cafe ViEn,10.7639372,106.6804356
HCM_00897,Nhà Hàng - Không Thể Thiếu Nhau,10.7770498,106.6979588
HCM_00898,Co Hoa,10.7588745,106.6714475
HCM_00899,Khách Sạn Xena,10.760527,106.6727398
HCM_00900,Nhà hàng 241,10.7668464,106.6839392
HCM_00901,KFC (Việt Nam),10.7785438,106.6657253
HCM_00902,Cá Viên Chiên 176,10.7911552,106.6669301
HCM_00903,Khách Sạn & Spa Alagon D'antique,10.7718456,106.6940841
HCM_00904,Hoàng Tuấn,10.7688981,106.6976802
HCM_00905,Highlands Coffee,10.7949832,106.658849
HCM_00906,Cà Phê Saigon Fusion,10.7691497,106.6997524
HCM_00907,Cà Phê Anh,10.7642697,106.6924842
HCM_00908,Khách Sạn Sơn Tùng,10.7649857,106.69484
HCM_00909,Khè - Food Garden,10.7675628,106.6882248
HCM_00910,Tanpopo,10.7723083,106.6947648
HCM_00911,Thorn Tong Hotel,10.7701631,106.6995835
HCM_00912,Cửa Hàng Pizza 4P's,10.7734232,106.6976926
HCM_00913,Khách Sạn Spotlight,10.7662792,106.6897361
HCM_00914,Nhà Hàng Italiani Homemade Pizza,10.7714995,106.6934199
HCM_00915,Phúc Long Coffee,10.771387,106.6955645
HCM_00916,Cà Phê Bob,10.7976592,106.6600784
HCM_00917,Nem Nướng Oanh Vy,10.7646006,106.6877956
HCM_00918,Cafe Chất,10.7558662,106.6933668
HCM_00919,Cà Phê Friend Zone,10.7552146,106.6921887
HCM_00920,Quán 003,10.7548497,106.6919486
HCM_00921,Cà Phê Moschino,10.7549623,106.6921163
HCM_00922,Hạt Cafe Quán,10.7550374,106.6922329
HCM_00923,Coffee Box,10.755075,106.6922792
HCM_00924,Đồng Xanh Coffee,10.7551145,106.6920512
HCM_00925,Trung Tâm Thẩm Mỹ Viện Kelly Beauty;Cà Phê Morning,10.7550796,106.6920016
HCM_00926,Hải sản Thiên Ngọc;Bún đậu Phố Cổ,10.755042,106.6919352
HCM_00927,ATM Sacombank;Cà Phê Đất Sài Gòn,10.7549353,106.6917367
HCM_00928,Quán Chính ký Mì Gia,10.7955927,106.6282175
HCM_00929,Highlands Coffee,10.7829101,106.6964275
HCM_00930,Cà Phê Cây Đa,10.7961635,106.6726335
HCM_00931,Quán Thi Bar,10.7674743,106.6940071
HCM_00932,Siêu Thị Và Cà Phê Phúc Lộc Thọ,10.7304964,106.6529482
HCM_00933,Nhà Hàng Hoa Viên Brauhaus,10.7859602,106.6991774
HCM_00934,Telephone bar,10.7708403,106.6916146
HCM_00935,Nhà Hàng Út Cà Mau,10.7659641,106.6823741
HCM_00936,Nhà Hàng Vườn Biển,10.7823951,106.6874827
HCM_00937,Bánh Cuốn Thiên Hương,10.7722006,106.6753279
HCM_00938,Cộng Cà Phê,10.7831523,106.695846
HCM_00939,Quán Ăn Gia Phú,10.7427986,106.646506
HCM_00940,Quán Thiên Thiên Sủi Cảo,10.7581063,106.6526298
HCM_00941,Nhà Hàng Ba Con Cừu,10.7724078,106.6794545
HCM_00942,Nhà Hàng Sky Garden BBQ,10.7739421,106.6479596
HCM_00943,Nhà Hàng Hai Lùn,10.7677103,106.65255
HCM_00944,Sushi Hokkaido Sachi - Nguyễn Đình Chiểu,10.7803652,106.6916709
HCM_00945,Nhà Hàng Founder Bak Kut Teh,10.7779146,106.6896614
HCM_00946,The Coffee House,10.7612507,106.6620435
HCM_00947,Highlands Coffee,10.7336437,106.6741374
HCM_00948,Parkson Hùng Vương,10.7557757,106.6629025
HCM_00949,Trà Sữa Hoa Hướng Dương,10.7957282,106.6664559
HCM_00950,Trà sữa TenRen,10.7956492,106.6665753
HCM_00951,Sinh Tố Phúc Long,10.7978834,106.6649203
HCM_00952,Nhà Làm Phở,10.7634989,106.6906117
HCM_00953,Quán Cơm Tâm Mộc,10.7745395,106.6978834
HCM_00954,Lâu Bò Tí Chuột,10.7631704,106.6904216
HCM_00955,Nhà Hàng Kimbap City,10.7794535,106.680389
HCM_00956,Quán Chay Thiên Phước,10.7530736,106.658239
HCM_00957,Elgin,10.7848935,106.6992746
HCM_00958,Khách Sạn Pandora,10.7735834,106.6749569
HCM_00959,Nhà hàng Ếch Xanh,10.7600848,106.6859042
HCM_00960,Quán Ốc Chị Hồng,10.7803951,106.6785501
HCM_00961,Nhà Hàng Uncle Tea - Dimsum,10.7607643,106.6998257
HCM_00962,Quán Cơm Tấm Xe Lửa,10.7765184,106.6563046
HCM_00963,Gỏi cuốn Ngon Ngon,10.7599404,106.6794454
HCM_00964,Quán 98 - Bánh Canh Nui & Hủ Tiếu Mì,10.7677746,106.6500879
HCM_00965,Bánh Cuốn Ba Miền,10.7825838,106.6802444
HCM_00966,Câu Chuyện Cà Phê,10.7837847,106.6782943
HCM_00967,Nhà Hàng Vịt Chiên Tuyến Số 1,10.7831945,106.6784391
HCM_00968,Nhà Hàng Cơm Bắc,10.7830048,106.6784659
HCM_00969,Cà Phê Nguyên Chất,10.7806227,106.6798438
HCM_00970,Cà Phê Trum,10.780256,106.6795379
HCM_00971,Nhà Hàng Don Chicken,10.7864194,106.6658667
HCM_00972,Quán Mực 280,10.7867091,106.6800562
HCM_00973,Cửa Hàng TeeKa Milktea,10.7793165,106.6672354
HCM_00974,Cơm Chay Hòa Hảo,10.7708322,106.6792575
HCM_00975,Italiani's Pizza Han Thuyen,10.7788383,106.6981831
HCM_00976,Quán Chay Chị Củ,10.7592259,106.6921641
HCM_00977,Bún Bò Huế Đông Ba,10.7743939,106.6953077
HCM_00978,Khách Sạn Bảo Đăng,10.7760318,106.640815
HCM_00979,Lâm Phát Ký,10.7515102,106.6428245
HCM_00980,Khách Sạn Di Tân,10.7760035,106.6414993
HCM_00981,Khách Sạn Phương Phi,10.7801007,106.6441027
HCM_00982,Domino's Pizza,10.7674083,106.6407815
HCM_00983,Khách Sạn Havana,10.7514886,106.6095632
HCM_00984,Khách Sạn Lý Cường 2,10.7514846,106.6096182
HCM_00985,Khách Sạn Mỹ Kim,10.742865,106.6096893
HCM_00986,Khách Sạn Đầm Sen,10.7696717,106.6378713
HCM_00987,Khách Sạn Thanh Trinh,10.7696006,106.6378927
HCM_00988,Khách Sạn Tám Tín,10.7449587,106.6116788
HCM_00989,Khách Sạn Chùy Ngọc,10.7770522,106.6306635
HCM_00990,Khách Sạn Hoàng Quân,10.7771243,106.6307566
HCM_00991,Bánh Tằm Bì Đồng Tháp,10.7554922,106.6735592
HCM_00992,KFC,10.747945,106.6353265
HCM_00993,Texas Chicken,10.7498798,106.6437158
HCM_00994,Cà Phê Starbucks,10.7536876,106.6696595
HCM_00995,Domino's Pizza,10.7520802,106.6599619
HCM_00996,Nhà Hàng Bia Bỉ Belgo -The Belgian Craft Beer Brewery,10.7885585,106.6981074
HCM_00997,Cà Phê A'dor,10.7760216,106.6788139
HCM_00998,Cà Phê VivaStar,10.7646007,106.6630673
HCM_00999,Domino's Pizza,10.7359779,106.6560191
HCM_01000,KFC,10.7677269,106.6744919
HCM_01001,Quán Bar LoveLy,10.7657232,106.6906746
HCM_01002,Bún Bò Huế Lyn,10.782139,106.6602369
HCM_01003,Cà Phê 121,10.7784985,106.6727485
HCM_01004,The Coffee House,10.7745958,106.6757319
HCM_01005,Cà Phê Ten Ren,10.7746089,106.6756178
HCM_01006,Nhà Hàng Thóc,10.76482,106.6949607
HCM_01007,Quán Bar LAC Brewery,10.7732484,106.6959166
HCM_01008,Hủ Tiếu Mực Như Ý,10.7843341,106.6630404
HCM_01009,Cà Phê Xóm,10.7786107,106.672449
HCM_01010,Cà Phê NIC,10.7783538,106.6723028
HCM_01011,Cà Phê Cheese,10.7737111,106.6686523
HCM_01012,Cà Phê The Banned,10.7745147,106.6682446
HCM_01013,Lotteria,10.7708749,106.6695441
HCM_01014,Highlands Coffee,10.7782497,106.6800034
HCM_01015,Nhà Hàng Cơm Chay,10.7776667,106.6787439
HCM_01016,Quán Bò Né,10.778864,106.679548
HCM_01017,Nhà Hàng True Beef,10.777461,106.6791688
HCM_01018,Nhà Hàng Hương Vy II,10.7682101,106.6944222
HCM_01019,Bún Chả Que Tre Bà Bảy,10.7689734,106.6993762
HCM_01020,Quán Bar Bùi Vi,10.7668691,106.692757
HCM_01021,Fang Pub - Hồ Xuân Hương,10.7777473,106.6887567
HCM_01022,The Coffee House,10.797307,106.6775437
HCM_01023,Quán A Kafé,10.7760918,106.6900444
HCM_01024,Quán Ăn Ruông,10.7749562,106.6979121
HCM_01025,Highlands Coffee,10.7766096,106.6884669
HCM_01026,Khách Sạn RedDoorz,10.7673461,106.6935238
HCM_01027,Nhà Hàng Little Viet,10.7721763,106.6919054
HCM_01028,Nhà Hàng - Cà Phê Lâm,10.7659753,106.6910786
HCM_01029,Nhà Hàng Anjisen Ramen,10.7850823,106.6962802
HCM_01030,Quán Ăn Bún Thịt Nướng,10.7878849,106.6962102
HCM_01031,Quán Internet Khánh Phi,10.7473695,106.6661753
HCM_01032,Phở Bình,10.7687998,106.6836803
HCM_01033,Phẩy Cocktail,10.7645134,106.6883605
HCM_01034,Quán Mèo Mập,10.7700723,106.6811389
HCM_01035,Cà Phê Và Kem Nếp Cẩm,10.7917512,106.6931313
HCM_01036,Hẻm Quán - Ông thổ địa,10.7903709,106.6859945
HCM_01037,Nhà Hàng Shanti Indian Cuisine,10.7670963,106.6893396
HCM_01038,Quán Bún Chả Hà Nội,10.7753468,106.689265
HCM_01039,Nhà Hàng Lẩu Mắm Bà Dú,10.7429836,106.6126471
HCM_01040,Nhà Hàng Hương Vị Bốn Phương,10.7429942,106.6125302
HCM_01041,Nhà Hàng Kichi Kichi,10.7430727,106.6121465
HCM_01042,Pizza Hut,10.7428967,106.6127114
HCM_01043,Nhà Hàng Mamalu,10.7427712,106.6122814
HCM_01044,Nhà Hàng Truly Việt,10.7430273,106.6129532
HCM_01045,Nhà Hàng Meiwei,10.743011,106.6122845
HCM_01046,Tasaki BBQ,10.7431086,106.6125511
HCM_01047,Nhà Hàng Wrap&Roll,10.7428775,106.6123078
HCM_01048,Thai Express,10.7427913,106.6124337
HCM_01049,Texas Chicken,10.743212,106.6123545
HCM_01050,Nhà Hàng Sushi Kei,10.7429788,106.6127331
HCM_01051,Sumo BBQ,10.7427623,106.6123639
HCM_01052,Sukiya,10.7431161,106.6123998
HCM_01053,Nhà Hàng Shabu Ya,10.7428747,106.6127776
HCM_01054,Nhà Hàng Seol Garden,10.7433737,106.6127541
HCM_01055,Nhà Hàng Redsun,10.7431074,106.6123298
HCM_01056,Trà Sữa Phúc Long,10.7432798,106.6130343
HCM_01057,Nhà Hàng MK,10.7428039,106.6126558
HCM_01058,Nhà Hàng Marukame Udon,10.7429077,106.612827
HCM_01059,Lotteria,10.7428334,106.6125195
HCM_01060,Nhà Hàng Khao Lao,10.7430743,106.6130278
HCM_01061,KFC,10.7430749,106.612476
HCM_01062,Nhà Hàng HuTong,10.7430598,106.6122062
HCM_01063,Nhà Hàng Hotpot,10.7432982,106.6129254
HCM_01064,Highlands Coffee,10.7429851,106.6124451
HCM_01065,Nhà Hàng Gogi House,10.7434587,106.6128442
HCM_01066,Cửa Hàng Bud's Ice Cream,10.7431722,106.6128195
HCM_01067,Nhà Hàng Bamboo Dimsum,10.7430828,106.6128162
HCM_01068,Nhà Hàng Bangkok House,10.7430213,106.6123973
HCM_01069,King BBQ Buffet,10.7428509,106.6126318
HCM_01070,Texas Chicken,10.7982611,106.6889459
HCM_01071,Nhà Hàng Tokyo Deli,10.7980321,106.6894961
HCM_01072,Quán Ăn Sủi Cảo Chú Phương,10.7587299,106.6527205
HCM_01073,Chè Thái Lan 280,10.7623001,106.6684262
HCM_01074,Phở Hùng - Nguyễn Tri Phương,10.7624433,106.6684
HCM_01075,Thyty thailan,10.7425916,106.6237697
HCM_01076,Hủ Tiếu Thành Đạt - Cô Bắc,10.7657017,106.6956594
HCM_01077,Mì Quảng Phan,10.7594098,106.6987798
HCM_01078,Quán Bún Bò Huế - Vinh Hiền,10.7612594,106.6999017
HCM_01079,Khách Sạn Ailen Garden,10.7672307,106.6909594
HCM_01080,Phở Muslim,10.7576354,106.687285
HCM_01081,Cà Phê - Khách Sạn The Hut Boutique,10.7864671,106.692754
HCM_01082,Khách Sạn Hoàng Hà,10.7965151,106.6726903
HCM_01083,Cà Phê Tractor,10.7700609,106.6934601
HCM_01084,Cà Phê - Trà Early Morning,10.796788,106.6866619
HCM_01085,Nhà Hàng Nhật Manmaru,10.7882694,106.6956305
HCM_01086,"Cửa Hàng Aloha Boys Poke, Salad & Juice Bar",10.7682389,106.6935934
HCM_01087,Khách sạn La Vela Sài Gòn,10.7889207,106.6855343
HCM_01088,Royaltea,10.7870973,106.6911433
HCM_01089,PHU24,10.7883681,106.6994147
HCM_01090,Quán Bar Bonjour de Saigon,10.7905015,106.699775
HCM_01091,Cà Phê Flat White,10.7716243,106.6935693
HCM_01092,T-Plus Coffee,10.7743341,106.6990072
HCM_01093,Nhà Hàng Nanna's,10.7692421,106.6934409
HCM_01094,Nhà Hàng Chay An Duyên,10.7513543,106.6695873
HCM_01095,Quán Cơm Tấm Bụi SG,10.790824,106.6915329
HCM_01096,Khách Sạn Linh Đan,10.7965324,106.6895008
HCM_01097,Nhà Hàng Dê Ba Hơn,10.7477198,106.6117602
HCM_01098,Nhà Hàng - Cà Phê Lá Vàng,10.7661639,106.6912985
HCM_01099,Nhà Hàng Tê Tê & Phê Quán,10.7888308,106.6979008
HCM_01100,Quán Next Bar,10.7774316,106.6979294
HCM_01101,Nhà Hàng Soul Bến Thành,10.7731967,106.6975865
HCM_01102,Quán Phở 1954,10.7718726,106.6961063
HCM_01103,Nhà Hàng El Camino Korean Tacos,10.7889453,106.6979385
HCM_01104,Nhà Hàng Ngon Villa Saigon,10.7856978,106.6936699
HCM_01105,Khách Sạn Anh Thiên,10.774771,106.6973558
HCM_01106,Cà Phê Sạch Nguyên Chất,10.7547359,106.6603957
HCM_01107,Quán ăn gia đình 79,10.7635434,106.6957721
HCM_01108,Trà Sữa TocoToco,10.7670419,106.6958942
HCM_01109,Nhà Hàng Âu Lạc - Healthy World,10.7700134,106.6913019
HCM_01110,Quán Chay 20,10.7592442,106.692266
HCM_01111,Tiệm Cơm Chay Pháp Hoa,10.7632075,106.6880568
HCM_01112,Khách Sạn Condodo,10.7605439,106.6916969
HCM_01113,Khách Sạn Condodo,10.7698305,106.689493
HCM_01114,Hủ Tíu Đức Minh,10.7957211,106.663892
HCM_01115,Khách Sạn Bsun,10.7618556,106.6886942
HCM_01116,Khách Sạn Travel Home,10.7676544,106.6932483
HCM_01117,Cà Phê Vegetarian,10.7801611,106.6921275
HCM_01118,Nhà Hàng Ấn Độ Gujarat,10.7673132,106.6909915
HCM_01119,Khách Sạn Hello SaiGon,10.7716836,106.6809315
HCM_01120,Cộng Cà Phê,10.7707042,106.6879095
HCM_01121,Kafka Cafe & Prem Restaurant,10.7787456,106.6903529
HCM_01122,Cà Phê Hahn - Ankunft Bus,10.7683777,106.6926014
HCM_01123,Cộng Cà Phê,10.788868,106.6907767
HCM_01124,Cà Phê Trứng 3T,10.7939837,106.6860754
HCM_01125,Bánh Canh Ghẹ Tuyết Thu,10.7966503,106.6545955
HCM_01126,Kungfu Mì Kéo Lộc Ký,10.7467142,106.642449
HCM_01127,Phở 24,10.7771167,106.6996747
HCM_01128,Cà Phê Thức,10.7770535,106.6997485
HCM_01129,Ốc Vân,10.7718561,106.6971119
HCM_01130,Nhà Hàng Haji Idris,10.7717777,106.6969744
HCM_01131,Nhà Hàng Haji Osman,10.7717408,106.6969067
HCM_01132,Nhà Hàng Musakariem,10.771617,106.6967243
HCM_01133,Cà Phê The V,10.7729647,106.6971172
HCM_01134,Nhà Hàng Truly Việt,10.7718587,106.6963065
HCM_01135,Quán Bò Bía,10.7875483,106.6923112
HCM_01136,Nhà Hàng Prem Bistro & Cafe,10.7787296,106.690433
HCM_01137,Nhà Hàng Tràm chim,10.7455143,106.6149006
HCM_01138,L Cà Phê,10.7682977,106.6933782
HCM_01139,Nhà Hàng The Street - BBQ & Beer,10.7866761,106.6894166
HCM_01140,Nhà Hàng Nam Sơn Beefsteaks,10.7819618,106.6926726
HCM_01141,Nhà Hàng Menya Takeichi & Yakitori Shindo,10.7696694,106.6908274
HCM_01142,Nhà Hàng Lẩu Cua Đồng,10.7762701,106.6913491
HCM_01143,Nhà Hàng Salad,10.7744988,106.6902052
HCM_01144,Cà Phê Okinawa,10.7840335,106.6802568
HCM_01145,Cháo Ếch Singapore,10.7695678,106.6881981
HCM_01146,Nhà Hàng Kichi Kichi,10.7804743,106.691692
HCM_01147,Bánh Mì Cụ Lý,10.7859153,106.6944055
HCM_01148,Nhà hàng Tokyo Deli,10.7405616,106.6990024
HCM_01149,Cà Phê Thức,10.7957957,106.6268519
HCM_01150,Nhà Hàng Hotspot Story,10.7544659,106.6564135
HCM_01151,Nhà Hàng Hotspot,10.7760845,106.6898873
HCM_01152,Highland Coffee,10.7557422,106.6625646
HCM_01153,Khách Sạn Icon 36,10.7714838,106.6899718
HCM_01154,Trung Nguyên Coffee,10.7872715,106.6868994
HCM_01155,Cà Phê Ngự Uyển,10.7887499,106.6626678
HCM_01156,Cà Phê Hồng,10.7582857,106.6706942
HCM_01157,Cơm Tấm - Âu Dương Lân,10.7479219,106.6820224
HCM_01158,Chè Thảo,10.7475488,106.6820525
HCM_01159,Nhà Hàng Như Ý,10.7461511,106.6828013
HCM_01160,Cafe USD,10.7349752,106.6727157
HCM_01161,Hẻm Quán,10.7419766,106.6281008
HCM_01162,Cộng Cà Phê,10.7580147,106.6999221
HCM_01163,Xưởng T Coffee,10.7320681,106.6151958
HCM_01164,Trà Sữa Phúc Long,10.7551041,106.6296218
HCM_01165,Lotteria,10.7456416,106.6308189
HCM_01166,Cộng Cà Phê,10.7457653,106.6311544
HCM_01167,The Coffee House,10.743429,106.6301667
HCM_01168,Highlands Coffee,10.7420568,106.6297217
HCM_01169,Pizza Hut,10.749873,106.6440891
HCM_01170,Quán Cơm Chay Thiên Ý,10.7994944,106.6143641
HCM_01171,Chicken Plus Nguyễn Tri Phương,10.7613537,106.6687167
HCM_01172,Cửa Hàng Bánh Biscotti,10.7341983,106.657507
HCM_01173,Hatvala - Tea Shop,10.7941163,106.6961594
HCM_01174,Trà Sữa GongCha,10.7883637,106.699288
HCM_01175,Cà Phê Đô Hội,10.7971261,106.6912815
HCM_01176,Cà Phê The Wolf King,10.7996745,106.6508043
HCM_01177,Cà Phê TA,10.7683911,106.6645604
HCM_01178,Sushi Hokkaido Sachi - Nguyễn Trãi,10.7692705,106.690576
HCM_01179,Quán Làng Ốc - Dương Bá Trạc,10.7423839,106.6895503
HCM_01180,Cà Phê Saigon Casa,10.7883615,106.6850468
HCM_01181,Nhà Hàng Hải Sản Rạn Biển 5,10.7869111,106.6868855
HCM_01182,Nhà Hàng The Gangs,10.7868339,106.6976992
HCM_01183,Ốc Ghe,10.7868756,106.6975129
HCM_01184,Khách Sạn Citadines Regency Saigon,10.784441,106.6947174
HCM_01185,Warning Zone Garden - Nguyễn Đình Chiểu,10.7860954,106.6974554
HCM_01186,Khách Sạn Central Palace,10.7755718,106.697194
HCM_01187,Lẩu Cá Kèo Bà Huyện 18,10.7766174,106.6890693
HCM_01188,Quán 65 Club,10.7773827,106.6912196
HCM_01189,Quán Bar Rabbit Hole,10.7776682,106.6976448
HCM_01190,Khách Sạn Novotel Saigon Centre,10.7845677,106.6960555
HCM_01191,Warning Zone - Hai Bà Trưng,10.785167,106.6952273
HCM_01192,Khách Sạn Rosa & Spa,10.7745115,106.6965738
HCM_01193,Khách Sạn Ruby Saigon Suites,10.7723717,106.6964369
HCM_01194,Katinat,10.7735654,106.6983486
HCM_01195,Khách Sạn Sila Urban Living,10.7810853,106.6904895
HCM_01196,Nhà Hàng Ru Nam D'or,10.7792416,106.6989688
HCM_01197,Sushi Hokkaido Sachi - Pasteur,10.7784255,106.6986185
HCM_01198,Cà Phê Phindeli,10.7822276,106.6961969
HCM_01199,Khách Sạn MGallery Des Arts Saigon,10.7821904,106.6972726
HCM_01200,ZumWhere - Ngô Thời Nhiệm,10.7793255,106.6887919
HCM_01201,Nhà Hàng Chay Garden,10.778213,106.6907115
HCM_01202,Trung Nguyên Coffee,10.7793653,106.6962527
HCM_01203,Đen Đá Coffee - Pasteur,10.7783879,106.6982947
HCM_01204,Khách Sạn Minh Tâm,10.7743567,106.6782085
HCM_01205,Nhà Hàng Sơn Thuỷ,10.7768621,106.6844293
HCM_01206,Nhà Hàng Biển Dương 6,10.7760138,106.6845491
HCM_01207,Nhà Hàng Lux 68,10.7754415,106.6873936
HCM_01208,Warning Zone,10.790053,106.6989515
HCM_01209,Xích Lô Quán,10.7668787,106.6946896
HCM_01210,Tân Lập Quán,10.7718195,106.6956418
HCM_01211,Cà Phê Cheese,10.7713122,106.6915914
HCM_01212,Hạnh Cafe - Phạm Ngũ Lão,10.7681932,106.6922097
HCM_01213,Nhà Hàng Matchandeul Korean BBQ,10.7690243,106.6897956
HCM_01214,Cà Phê Laha - Bàu Cát,10.7856157,106.6452013
HCM_01215,Hàng Dương Quán Quận 4,10.7589186,106.6987722
HCM_01216,Highlands Coffee,10.7785873,106.6800129
HCM_01217,Katinat,10.7779402,106.6810415
HCM_01218,Saigon Mall Cao Thắng,10.7692463,106.6829983
HCM_01219,Three O'Clock - Nguyễn Thị Minh Khai,10.7679645,106.683628
HCM_01220,Quán cà phê Chung Cư Xi Grand Court,10.7679828,106.6596334
HCM_01221,Nhà hàng Tuấn Mập,10.7870433,106.6350497
HCM_01222,Nhà Hàng Ẩm Thực Quê Nhà,10.7990021,106.6555988
HCM_01223,Nhà Hàng Ái Huê,10.7520124,106.659823
HCM_01224,Nhà Hàng The Gangs Hỏa Xa,10.7746398,106.6763674
HCM_01225,Nhà Hàng Xpose Beer & Buffet,10.7767813,106.6663597
HCM_01226,Nhà Hàng Hải Sản Phi Phố Biển,10.7751823,106.6718356
HCM_01227,Nhà Hàng Mùa Vàng The Warehouse,10.7786741,106.6650928
HCM_01228,Katinat,10.7710316,106.6935158
HCM_01229,Khách Sạn The S,10.7672451,106.6897626
HCM_01230,Khách Sạn Harmony Sài Gòn & Spa,10.7720196,106.6901036
HCM_01231,Khách Sạn A25,10.7690622,106.6901102
HCM_01232,Trung Tâm Mua Sắm Nowzone - Nguyễn Văn Cừ,10.764339,106.6824266
HCM_01233,Nhà Hàng Sushi Hokkaido Sachi,10.7980569,106.6887249
HCM_01234,Cà Phê Cheese Hoa Lan,10.7967539,106.6903635
HCM_01235,Trà Sữa Phúc Long,10.7972058,106.6904815
HCM_01236,Starbucks Coffee - Chung cư Saigon Mia,10.7328078,106.6891196
HCM_01237,Nhà Hàng Hải Sản Dim Tu Tac,10.7528439,106.6714295
HCM_01238,Manwah Taiwanese Hotpot - An Dương Vương,10.7569381,106.6716432
HCM_01239,Katinat Saigon Kafe,10.7579622,106.6733947
HCM_01240,Nhà hàng Hải Cảng,10.7519971,106.6195043
HCM_01241,Nhà hàng Chim Rừng,10.7484352,106.6149295
HCM_01242,Công viên Bình Phú,10.7435177,106.6310353
HCM_01243,Beefsteak Hai Con Bò - Nguyễn Cư Trinh,10.7637701,106.6901925
HCM_01244,Quán ăn 30 Bờ Sông,10.728471,106.6700386
HCM_01245,BOSS Restaurant & KTV,10.7387208,106.6899942
HCM_01246,Khách Sạn La Galerie,10.7390958,106.6911466
HCM_01247,Khách Sạn 1001 Đêm,10.7387061,106.6905687
HCM_01248,Asiana Plaza - Tân Phú,10.7882483,106.6254808
HCM_01249,Bún Cá Kiên Giang CN2,10.769113,106.6781153
HCM_01250,Long Xuyên Quán 2 - Cơm Tấm Bánh Tằm Bì,10.759215,106.6994237
HCM_01251,Khách Sạn Gia Long King,10.7718491,106.6939136
HCM_01252,777 hai,10.753394,106.6769009
HCM_01253,Khách Sạn Madam Cuc 127,10.7660695,106.689589
HCM_01254,Bún bò Xuà,10.7741699,106.6883245
HCM_01255,Bánh khot Cô Ba Vûng Tàu,10.7833289,106.696445
HCM_01256,Công viên nội bộ chung cư Hòa Bình,10.7670592,106.6610774
HCM_01257,"Nhất Tỷ, Mì xe đẩy",10.7496755,106.6492538
HCM_01258,Highlands Coffee,10.7747454,106.6982421
HCM_01259,Cheese Coffee,10.7546442,106.6602164
HCM_01260,Manwah Taiwanese Hot Pot,10.7568503,106.6715768
HCM_01261,Tra Tien Huong,10.773251,106.6892161
HCM_01262,Highlands Coffee,10.7696434,106.6852261
HCM_01263,Bahn Mi Chim Chay,10.7709754,106.6871085
HCM_01264,The Alley,10.7535362,106.6538979
HCM_01265,Nước Mía Phan Đình Phùng,10.7948113,106.6832482
HCM_01266,C central hôtel de Tham bui vien walking street,10.7676463,106.6939116
HCM_01267,Calista Sai gon hotel,10.7723776,106.6948546
HCM_01268,Phở Anh,10.7846701,106.682885
HCM_01269,Chả Giò Chiên,10.7911384,106.6329832
HCM_01270,Cà phê 66,10.7895091,106.6956584
HCM_01271,Khách sạn Cali,10.7985659,106.6884303
HCM_01272,Missing Garden,10.7866904,106.6791678
HCM_01273,The Coffee House,10.7866294,106.6366333
HCM_01274,Wayne's Coffee,10.705773,106.644116
HCM_01275,Quán Chay Và,10.7983858,106.6737883
HCM_01276,KiMi - Milk Tea & Coffee,10.7055231,106.64487
HCM_01277,Kalf Coffee & Tea,10.7784708,106.6985896
HCM_01278,FnB Services,10.7764313,106.6854351
HCM_01279,Vina Talents - Khai Sáng Tài Năng Việt,10.7875106,106.6917181
HCM_01280,Bánh Mì Huynh Hoa,10.7714689,106.692371
HCM_01281,Phở Việt Nam,10.771252,106.6962092
HCM_01282,Bò né Bà Nũi,10.7684873,106.6988672
HCM_01283,Nightcap Saigon,10.7692432,106.6971049
HCM_01284,Hoter BINH MINH LE LAI,10.7695042,106.6923012
HCM_01285,맛찬들 소금구이,10.7673838,106.6911045
HCM_01286,Linh,10.7710994,106.6963805
HCM_01287,Rustic Maison,10.7918414,106.6944484
HCM_01288,grand Eastin hotel,10.7961172,106.673068
HCM_01289,quán bánh canh,10.7512628,106.610537
HCM_01290,The Coffee Shop,10.7053113,106.6445856
HCM_01291,Little HaNoi Egg Coffee,10.768602,106.6900885
HCM_01292,Bánh mì Bà Huynh,10.7663251,106.6881865
HCM_01293,Fritz,10.7661583,106.6895948
HCM_01294,Pho Hai thien,10.7678297,106.6950547
HCM_01295,Đối diện cây xăng,10.7400473,106.6173295
HCM_01296,Quan Ba Hoa,10.7718136,106.654793
HCM_01297,Quán Chay Nhà Tôi,10.7884577,106.6975684
HCM_01298,18 BEER CLUB,10.7736329,106.6974832
HCM_01299,Thuận Ký Mỳ Gia,10.7313701,106.6871091
HCM_01300,Rau Ơi,10.768605,106.6979483
HCM_01301,Bep Me In,10.7675414,106.698786
HCM_01302,SINGITA SAIGON Boutique Hotel,10.7710357,106.6894844
HCM_01303,Đen Cafe,10.7568215,106.6891981
HCM_01304,SBS GI,10.7842139,106.6963563
HCM_01305,Quán Nước Mía 600,10.7565335,106.6893094
HCM_01306,Highlands Coffee,10.7823677,106.6894469
HCM_01307,Highlands Coffee,10.7296875,106.6945669
HCM_01308,Sorrento Restaurant & Café,10.7296309,106.692409
HCM_01309,Nine restaurant,10.7296861,106.6935572
HCM_01310,Thian Hai,10.7726641,106.6948719
HCM_01311,365 Chay,10.7693971,106.6972643
HCM_01312,StepUp Coffee Shop,10.7327509,106.6971002
HCM_01313,Le Mékong,10.7782912,106.6908268
HCM_01314,Quán Út Hương,10.7579166,106.6889111
HCM_01315,BanhMi 362,10.7838673,106.6971695
HCM_01316,KS Kim Ngân,10.786969,106.6378238
HCM_01317,Công viên Phúc An Khang,10.7269751,106.6476137
HCM_01318,Công viên Dạ Nam,10.7489187,106.6835781
HCM_01319,Café 30/4,10.7765828,106.696011
HCM_01320,Dinh Độc Lập Cafe,10.7766797,106.6971987
HCM_01321,HolaFresh Nguyễn Đình Chiểu,10.7718359,106.6839931
HCM_01322,Cafés Le,10.774285,106.6986867
HCM_01323,Nước Mía 160 (Sugarcane Juice),10.7456016,106.6832426
HCM_01324,Demi Coffee & Tea,10.7908769,106.664722
HCM_01325,Bún Chả Hà Nội,10.790973,106.6645255
HCM_01326,Quán ốc 879,10.7459375,106.62891
HCM_01327,KFC Tỉnh Lộ 10,10.7570399,106.6059125
HCM_01328,Hotel Sai Gon,10.7679172,106.6942428
HCM_01329,Lẩu Hồng Kông Ông Sủi,10.7686414,106.69044
HCM_01330,Hai Nam boutique hotel,10.773717,106.6988967
HCM_01331,Hai Nam Boutique Hotel,10.773757,106.6987775
HCM_01332,Bún Quay Phú Quốc,10.7651792,106.6463149
HCM_01333,Quán nhậu 69,10.7981136,106.6286701
HCM_01334,Huyết chưng 122,10.7951714,106.6635739
HCM_01335,Chay Giác Ngộ,10.7603485,106.6739513
HCM_01336,Qúan Chay Liên Yến,10.7823261,106.6796323
HCM_01337,Phở QUANG,10.7326811,106.6347277
HCM_01338,Nus Coffee & Tea,10.7996789,106.6897148
HCM_01339,Ốc Sam,10.7944095,106.6304338
HCM_01340,Cambodia Bus Companies (many),10.7678095,106.6915258
HCM_01341,Anh Đào - Bánh Cuốn (20k),10.764137,106.6960108
HCM_01342,Highlands Coffee,10.7934562,106.6403382
HCM_01343,Lotteria,10.7926373,106.6416205
HCM_01344,Viva Coffee,10.7927168,106.6414237
HCM_01345,Sukiya,10.7922051,106.6426767
HCM_01346,Phá lấu Rubi,10.7909455,106.6411587
HCM_01347,Jollibee,10.7852526,106.6421193
HCM_01348,Cơm chay Thiện Phước,10.7841264,106.6392994
HCM_01349,Lẩu Cá Dân Ích,10.7530838,106.6585606
HCM_01350,Guru Restaurant,10.7840441,106.6828024
HCM_01351,Bún riêu ganh,10.7739063,106.698934
HCM_01352,Xôi Gà Number One,10.7737822,106.6992243
HCM_01353,D Home,10.7740387,106.6979752
HCM_01354,宇奈とと,10.7725346,106.6957833
HCM_01355,丸亀製麺,10.7727729,106.6956468
HCM_01356,Thuan Kieu Vietnamese restaurant,10.7675946,106.6973498
HCM_01357,PIANO HOTEL,10.7676887,106.6985509
HCM_01358,Khách sạn Bến Thành Boutique,10.7681926,106.6981792
HCM_01359,Kai Coffee,10.7679953,106.6985462
HCM_01360,Ẩm thực Hai Lúa,10.7830982,106.6825499
HCM_01361,Khách Sạn YẾN TRANG 3,10.7717216,106.669128
HCM_01362,Hanz Mymy Hotel,10.7715567,106.6687986
HCM_01363,Kat in Love,10.7714149,106.6688378
HCM_01364,1127 KTV,10.7530028,106.6730685
HCM_01365,Hạnh long 2 HOTEL,10.7530744,106.6733125
HCM_01366,Canh Tiềm Dinh Dưỡng Minh Ký,10.752898,106.6734332
HCM_01367,Lò Đất BBQ,10.7524125,106.6737282
HCM_01368,大娘餃子,10.7532254,106.6726396
HCM_01369,Cafe Trung Nguyên,10.753134,106.6736236
HCM_01370,Hotel Micasa,10.7370103,106.6906687
HCM_01371,Avatar 2 Hotel,10.7374707,106.69063
HCM_01372,HÙNG PHÁT HOTEL,10.7376777,106.6915845
HCM_01373,Venice hotel,10.7379628,106.6915888
HCM_01374,Venice 1 Hotel,10.7372743,106.6900561
HCM_01375,Khách Sạn Sao Mai,10.7371877,106.6892585
HCM_01376,Khách Sạn Hoàng Gia,10.7369485,106.691093
HCM_01377,Khách sạn Sa Rang,10.7367338,106.6910985
HCM_01378,Hotel Lily 2,10.7359023,106.6928133
HCM_01379,Khách Sạn Kim Ngân,10.7359295,106.6925727
HCM_01380,700 FORTUNE,10.7545645,106.6778146
HCM_01381,California Hotel Saigon,10.774763,106.6965162
HCM_01382,Blue Diamond Hotel,10.7746826,106.6966479
HCM_01383,COCHIN ZEN HOTEL,10.7746249,106.6967387
HCM_01384,Adora Hotel,10.7745428,106.6968579
HCM_01385,Sam Hotel & Apartments,10.7744946,106.6964444
HCM_01386,Cosmo Central Hotel,10.7743549,106.696574
HCM_01387,すし亭,10.7728586,106.6952438
HCM_01388,Metrang Cafe,10.7880185,106.6288384
HCM_01389,Don Chicken Lê Đại Hành,10.7675775,106.6531122
HCM_01390,Popeyes,10.7673439,106.6532586
HCM_01391,Bếp Mẹ Ỉn,10.7739049,106.6981873
HCM_01392,Fly Gaming,10.7391966,106.6769908
HCM_01393,Cozy Midnight Hotel,10.7736838,106.6967595
HCM_01394,Lau Nam Chay,10.7924146,106.6945777
HCM_01395,Đường Sách,10.7805735,106.6996948
HCM_01396,Indochine Castle,10.7683468,106.69728
HCM_01397,Thong bún bò huê,10.7706992,106.6895953
HCM_01398,in nhanh phước lộc thọ,10.7911673,106.6215473
HCM_01399,Bánh Mì Bảy Hổ,10.7903791,106.6966453
HCM_01400,Hủ Tiếu Hồng Phát,10.7705085,106.6848355
HCM_01401,Covent Garden Hotel,10.7744813,106.6964092
HCM_01402,Cô Ba,10.7618222,106.6994692
HCM_01403,Celine Living,10.7736925,106.6856236
HCM_01404,Shanti Veggie – Nhà Hàng Chay,10.7699832,106.6867286
HCM_01405,Ba Xa Ch,10.7785214,106.6986733
HCM_01406,Quán Chay Dì Sáu,10.7619659,106.663399
HCM_01407,Bánh Mì Xanh – Trần Hưng Đạo,10.7696661,106.6966121
HCM_01408,Rau Củ Nâm Vegan,10.7785205,106.6622798
HCM_01409,K COFFEE,10.7631749,106.6970733
HCM_01410,Secret Garden,10.7689156,106.6983666
HCM_01411,Momento,10.7631914,106.6953017
HCM_01412,Hưng Thành,10.799231,106.6575611
HCM_01413,Sol Kitchen & Bar,10.7740621,106.6970863
HCM_01414,Bún Chả Hà Nội,10.7858351,106.6995019
HCM_01415,Nhà hàng Hàn Quốc Choi Go Jip,10.770807,106.6997189
HCM_01416,Âm Thực Đà Nẵng,10.7832681,106.6967587
HCM_01417,Café Amber by Fitfatcat,10.7801938,106.6639767
HCM_01418,Atlantis Restaurant,10.7633263,106.6957869
HCM_01419,Geek Hub,10.7876305,106.6993349
HCM_01420,Geek Hub,10.7927497,106.6752782
HCM_01421,Prem Bistro,10.786495,106.6942548
HCM_01422,Saigon Cozy2 At Bui Vien Walking Street,10.7677522,106.6924769
HCM_01423,Gỏi Đu Đủ Ty Thy Hồ Chí Minh,10.7488299,106.6424268
HCM_01424,22z10 Bar,10.7704006,106.6902576
HCM_01425,McDonald's,10.7602428,106.6989302
HCM_01426,Alagón City,10.7715372,106.6943158
HCM_01427,Tan Lap,10.7718641,106.6955095
HCM_01428,Cô Tuyêt,10.775162,106.6826764
HCM_01429,A Bao,10.7648756,106.6765439
HCM_01430,Hồ Thị Kỷ,10.7651009,106.6764346
HCM_01431,Jollibee,10.7815761,106.6948345
HCM_01432,Sugar free black Sesame,10.768247,106.6987072
HCM_01433,Saigon Europe Hotel & Spa,10.7677236,106.6937316
HCM_01434,Miến Phở Gà,10.7846923,106.6979902
HCM_01435,Libra Coffee,10.7855319,106.6996473
HCM_01436,Ben Nghe Street Food,10.7776249,106.6978228
HCM_01437,Be An Vegetarian Cafe,10.784408,106.6977612
HCM_01438,Jerrico Lounge,10.7628447,106.6901652
HCM_01439,Cơm Chay Tùy Duyên,10.791537,106.665755
HCM_01440,Qúan Chay Thiên Đức,10.7917657,106.6656704
HCM_01441,Phở Như,10.7914445,106.6671403
HCM_01442,Phương Thanh,10.7645356,106.695117
HCM_01443,Dakao Tipsy,10.7898125,106.6993113
HCM_01444,Al Sham,10.7618912,106.6961881
HCM_01445,Restaurant Ngói,10.7602379,106.6944889
HCM_01446,Bagel Brothers,10.7698526,106.6963743
HCM_01447,Pergola Garden,10.7930548,106.6768767
HCM_01448,Highlands Coffee,10.7687495,106.6952098
HCM_01449,Cơm tấm Đề Thám / Giá He,10.7683966,106.6932464
HCM_01450,Tartine,10.7726624,106.6956445
HCM_01451,Phuc Long,10.7842486,106.6997882
HCM_01452,Mầm Vegetarian,10.7965995,106.6730691
HCM_01453,Đảo Space,10.7657623,106.6890133
HCM_01454,OKKIO Cafe,10.7725238,106.698948
HCM_01455,A&Em Art Hotel,10.7717219,106.6951574
HCM_01456,Lantern Hotel,10.7694108,106.692205
HCM_01457,Cát Phúc,10.7939625,106.6416284
HCM_01458,Ngọc Hoa Mai,10.7941013,106.6418291
HCM_01459,Nam Anh 3,10.7931054,106.6413146
HCM_01460,Bông Trà Bàu Cát,10.7929863,106.6416046
HCM_01461,The Banned Bàu Cát,10.7922545,106.6425435
HCM_01462,Happy Place,10.7633275,106.690358
HCM_01463,Summer Experiment,10.7747294,106.6980846
HCM_01464,Eggyolk Coffee,10.7725992,106.6966088
HCM_01465,Soo Kafe Bến Thành,10.7725434,106.6971552
HCM_01466,Thanh Hoàng,10.7807866,106.6891403
HCM_01467,Phong Tra,10.7984122,106.6848684
HCM_01468,Bà Xã,10.7787238,106.688559
HCM_01469,Tàu Hủ Cóc,10.7972405,106.6882724
HCM_01470,The22 Coffee,10.7992655,106.6885696
HCM_01471,Bún Cá Châu Đốc Bà Bảy,10.7991235,106.6883822
HCM_01472,Bánh Cuốn Cao Bằng,10.7984413,106.6861909
HCM_01473,Cà Ri Gà Ngọc Hân,10.799621,106.6855961
HCM_01474,Chè Cô Có,10.7644666,106.6768478
HCM_01475,Highlands Coffee,10.7611726,106.6751888
HCM_01476,Pizza & Bia,10.784617,106.6942442
HCM_01477,Mì Xào Thanh Phát,10.7689247,106.6778658
HCM_01478,Bánh Tráng Nướng,10.7687231,106.6781515
HCM_01479,Bánh Flan,10.7957982,106.6957568
HCM_01480,Bánh cuốn,10.7981449,106.6849412
HCM_01481,Hoàng Ty,10.7954316,106.6724152
HCM_01482,Tĩnh Books and Coffee,10.7938455,106.6707495
HCM_01483,Kofuku Coffee,10.7886823,106.6693837
HCM_01484,Đà Lạt Ơi,10.7909897,106.6685634
HCM_01485,Bánh Canh Cá Lóc Huế,10.7996259,106.6862527
HCM_01486,Điểm Tâm Sú Ky - Há cảo & Xíu mại,10.7699939,106.6513127
HCM_01487,Nhà Hàng Chay Bà Xã,10.7922884,106.6801556
HCM_01488,Ốc Zuka,10.7973781,106.6936615
HCM_01489,Xôi Ngọc,10.7989563,106.6936079
HCM_01490,RedDoor,10.7901671,106.6962894
HCM_01491,Steersman Brewery Taproom,10.7907995,106.6984717
HCM_01492,Cơm Tấm Hao,10.7965727,106.6924166
HCM_01493,GenChay,10.783204,106.695945
HCM_01494,Cơm Tấm 270,10.7976001,106.6835772
HCM_01495,Deme Brewing,10.7901958,106.688399
HCM_01496,Tam Tam,10.779669,106.68556
HCM_01497,Cà Phê 1983,10.7373754,106.6192432
HCM_01498,Highlands Coffee,10.7498048,106.6459202
HCM_01499,Bánh Canh Cua Châu Lan,10.7489165,106.6511166
HCM_01500,Chốn Riêng,10.7435612,106.6446004
HCM_01501,NGÕ QUÁN,10.7398315,106.6179908
HCM_01502,Hua Wu Lou,10.7682637,106.6869868
HCM_01503,Hello Saigon,10.7685456,106.6938887
HCM_01504,Hidden Hogwarts,10.7666299,106.6914829
HCM_01505,Little Bodhi Tree Saigon,10.7683986,106.6939643
HCM_01506,A Mà Kitchen Cong Quynh,10.766959,106.6875044
HCM_01507,Nhân Duyên,10.7774006,106.6884244
HCM_01508,Buffet Poseidon Võ Văn Kiệt,10.7434609,106.6483735
HCM_01509,S'mores Chợ Lớn,10.7523446,106.6666331
HCM_01510,Bún Thịt Nướng Chả Giò,10.7734647,106.6995844
HCM_01511,Hủ Tiếu Chay Sa Đéc,10.7864481,106.6257407
HCM_01512,Padme Chay,10.790554,106.6844072
HCM_01513,Pho Viet Nam,10.7712561,106.69608
HCM_01514,Zerus Caffe,10.7481138,106.6603301
HCM_01515,Út Nhung Xóm Củi,10.7465057,106.6605679
HCM_01516,KAI Coffee Hồng Bàng,10.7550936,106.660206
HCM_01517,Hủ tiếu mực,10.7644026,106.6621337
HCM_01518,The Thousand Beans,10.7669375,106.6640859
HCM_01519,Ura Coffee & Tea,10.7260241,106.6151927
HCM_01520,Đu Đủ Xanh,10.7861999,106.6945848
HCM_01521,Đóa Sen Vàng,10.7950599,106.6376038
HCM_01522,Krishna,10.76849,106.696619
HCM_01523,Viva Star Coffee,10.7611117,106.6308725
HCM_01524,Sen,10.768323,106.6950316
HCM_01525,Rốp,10.783657,106.6879435
HCM_01526,Cafe 40A,10.761174,106.6305126
HCM_01527,Nấm,10.788854,106.6916879
HCM_01528,Buffet Lẩu Rau Nấm: Rau Mộc,10.7612148,106.6298417
HCM_01529,Cafe Milano,10.7611874,106.6301178
HCM_01530,Cơm Tấm,10.7609741,106.6314602
HCM_01531,Bún Cà Ri Gà NHƯ Ý,10.760968,106.6310969
HCM_01532,Lẩu Naro,10.790461,106.6843176
HCM_01533,Om,10.7890844,106.690899
HCM_01534,Phở Thịnh,10.7711103,106.6875105
HCM_01535,Tiệm Chay Nhà Mình,10.781387,106.6688338
HCM_01536,Nhà Hàng Chay Mộc Nhiên,10.7717576,106.6692208
HCM_01537,Tami Coffee & Chay,10.7957691,106.6709072
HCM_01538,Nôm,10.7796244,106.682023
HCM_01539,419 Hotel,10.7723166,106.6943146
HCM_01540,Ren Coffee and Tea,10.7723516,106.694261
HCM_01541,Tâm Vị,10.7820898,106.6880257
HCM_01542,Quán Chay 103,10.7689793,106.6994925
HCM_01543,Zenhouse,10.7878398,106.6566858
HCM_01544,Bún Bò Nhung,10.7880997,106.6565283
HCM_01545,Filthy Vegan,10.7648395,106.6949177
HCM_01546,Cơm Chay Hoa Tâm,10.7958298,106.6399396
HCM_01547,CỒ Tea House & Coffee,10.7960766,106.6669335
HCM_01548,Như Ý Chay,10.786431,106.6921868
HCM_01549,SoHa Nhà Chay,10.7924268,106.6895766
HCM_01550,Phở Lý Quốc Sư,10.7611813,106.6304081
HCM_01551,Cơm Chay,10.7849367,106.6700427
HCM_01552,Lẩu Chay Nhà Nát,10.7793231,106.6675294
HCM_01553,Chay Khai Tâm,10.7857954,106.6789657
HCM_01554,Lẩu Chay Nhà Nát,10.7730075,106.6648255
HCM_01555,Ours.càffe,10.7935928,106.6685797
HCM_01556,Sanité Chay,10.796845,106.6725132
HCM_01557,Qúan Cơm Chay Phúc Ấn An Gia,10.7796141,106.6696232
HCM_01558,Lẩu Chay Xanh,10.7860754,106.6714232
HCM_01559,Good Coffee,10.7916192,106.6557515
HCM_01560,Nhà Của Giản,10.7846986,106.6693354
HCM_01561,Bánh Mì Chay,10.7821804,106.6673962
HCM_01562,Chay Bodhi,10.7840034,106.682138
HCM_01563,Cơm gà Tam Kỳ Hồng Nga,10.7975941,106.6906799
HCM_01564,Ẩm Thực Chay Phát Hoa,10.7922748,106.6418684
HCM_01565,Hạnh Dung,10.7712949,106.6501677
HCM_01566,Hủ Tiếu Chay Cây Đề,10.7712827,106.65041
HCM_01567,Ẩm Thực Chay Tuệ,10.7920064,106.698333
HCM_01568,Nhuận Liên Hương,10.7491632,106.6884653
HCM_01569,Trần Pizza,10.7654521,106.6883293
HCM_01570,Phạm Nghiêm Trai,10.766393,106.6881849
HCM_01571,Heli Vegetarian Bistro,10.7981376,106.689783
HCM_01572,Hủ Tiếu Chay Trường Sơn,10.7847625,106.6660047
HCM_01573,Pizza Piatto,10.7608131,106.6617334
HCM_01574,Nhà Hàng Chay Vajra,10.7710984,106.6727489
HCM_01575,Huệ Quang Chay,10.790072,106.6840122
HCM_01576,The Donut Club,10.7862541,106.6920314
HCM_01577,Chay Xanh,10.7977264,106.6678681
HCM_01578,Tâm Hiếu,10.7728961,106.6832363
HCM_01579,Bưu Niệm,10.7355928,106.6931855
HCM_01580,Tuệ Đăng Quang,10.790031,106.6794021
HCM_01581,Hương Thiền,10.7985379,106.6727317
HCM_01582,Ресторан вьетнамской кухни,10.7724432,106.6966602
HCM_01583,Quán Bụi,10.7725831,106.6965385
HCM_01584,Bánh Canh Ghẹ Hẻm Mát,10.7697455,106.6916041
HCM_01585,Chạm Nhà Hàng Chay,10.7457107,106.635402
HCM_01586,Chay Phùng Duyên,10.7561407,106.6323444
HCM_01587,Hủ Tiếu Chay Cây Đề,10.7837957,106.6231884
HCM_01588,Hội Ngộ Chay,10.7843341,106.6215695
HCM_01589,Chay Tịnh Tầm,10.7846213,106.6228432
HCM_01590,Quán chay VEGAN,10.7245847,106.6548508
HCM_01591,Gà Nướng Thiên Phúc 79,10.7027037,106.6545089
HCM_01592,Mộc Vegetarian Cuisine,10.7572469,106.6861967
HCM_01593,Lẩu Chay Nhà Nát,10.7739571,106.6683187
HCM_01594,Lotteria,10.7497211,106.6473695
HCM_01595,Sa Đéc Quán,10.7916305,106.6861746
HCM_01596,Xôi Khúc Bắc Cô Thủy,10.7986215,106.6956914
HCM_01597,Archie's,10.754109,106.6864973
HCM_01598,Quán Cao Lầy Cô Ba Ân,10.780396,106.676164
HCM_01599,Quán Cà Phê Trung Nguyên 126,10.755263,106.6193936
HCM_01600,Quán Mì Nấm,10.7966415,106.6675088
HCM_01601,Napoly,10.7483028,106.6574913
HCM_01602,Tâm Ký,10.787707,106.6410323
HCM_01603,Pizza 777,10.7508107,106.6670956
HCM_01604,An Trú,10.7829499,106.6266937
HCM_01605,Pizza Phú,10.7664879,106.652917
HCM_01606,Rôu Vegetarian,10.756692,106.6857088
HCM_01607,Tanishq Indian Vegetarian,10.7719036,106.6939806
HCM_01608,Chay An Phúc,10.7871298,106.6759435
HCM_01609,Hủ Tiếu Chay Cây Đề,10.7963499,106.6653543
HCM_01610,Nhà Hàng Chay Bà Xã,10.7765838,106.6718811
HCM_01611,Tiệm Chay Mộc Lâm Duyên,10.7653387,106.6856668
HCM_01612,Quán Chay Xanh Vegan,10.7919959,106.6552029
HCM_01613,Nhà Hàng Chay Sân Mây,10.7719542,106.6723403
HCM_01614,Bếp Chay Nhân Duyên,10.761144,106.6742486
HCM_01615,Quán Chay An Cát Tường,10.7764807,106.6665463
HCM_01616,Tomato Kitchen,10.7901419,106.6840807
HCM_01617,Tiệm Mì Zigzag,10.7969848,106.6627307
HCM_01618,Cơm Niêu Đẩu,10.7900505,106.6842198
HCM_01619,đẫm eatery,10.7974751,106.6616964
HCM_01620,Quán Bánh Xèo Chay Miền Tây,10.7841158,106.648427
HCM_01621,Mì Quảng Nam,10.7726639,106.6057398
HCM_01622,Nhà Hàng Chay Khai Ngộ,10.7719743,106.6527068
HCM_01623,Corner Bar,10.7662855,106.6913638
HCM_01624,TNR Saigon,10.7671444,106.6906673
HCM_01625,The Ox Shack,10.7937478,106.6757624
HCM_01626,Bánh Cuốn Nóng Hào Hoa,10.7730605,106.6963254
HCM_01627,Kala Cà Phê & Món Chay,10.7956221,106.6681908
HCM_01628,Jimmy's Pizza,10.7690948,106.6970218
HCM_01629,Xanh Lá La - Matcha and More,10.7366158,106.6573356
HCM_01630,Katinat - Nguyễn Bỉnh Khiêm 2,10.7922217,106.6997901
HCM_01631,Dòufu Chay & Chill,10.7520052,106.6279475
HCM_01632,Thiên Khôi,10.7813354,106.6857358
HCM_01633,An Coffee,10.7943517,106.6856573
HCM_01634,Cơm Niêu Út Thảo,10.7473048,106.6122073
HCM_01635,Quán Chay Quan Âm,10.7430882,106.6426533
HCM_01636,The Settlers,10.7923621,106.6889479
HCM_01637,Tartine,10.788584,106.6998954
HCM_01638,Nhà Hàng Thuần Chay Quán Âm,10.7966992,106.6528938
HCM_01639,A Nan Chay,10.7632509,106.6470856
HCM_01640,Quán Chay Hoàng Phúc,10.7408493,106.6371218
HCM_01641,Ẩm Thực Chay Rêu,10.7962062,106.6778249
HCM_01642,Nhà Hàng Chay Hoa Ưu Đàm,10.7601734,106.6861777
HCM_01643,Khách Sạn Nguyêt Hà,10.7971252,106.6917685
HCM_01644,Araham,10.7733831,106.6890213
HCM_01645,Kafka Café,10.7864999,106.6942586
HCM_01646,Pi Bistro,10.7864857,106.6942466
HCM_01647,243 Coffee,10.7715848,106.6021069
HCM_01648,Bánh Mì Chay Khôi,10.7815689,106.674839
HCM_01649,An Yên,10.7976089,106.6762701
HCM_01650,Bánh Mì Chay Nguyễn Trãi,10.7530001,106.6571683
HCM_01651,Haven Hut,10.761995,106.6934228
HCM_01652,Bami Cô Xíu,10.7628719,106.6924217
HCM_01653,Nhà Tú,10.7751942,106.6895763
HCM_01654,Buffet Lẩu Rau Nấm Vua Rau,10.7900547,106.6841959
HCM_01655,Nhà Hàng Chay Mọc Nhiên,10.7868811,106.6819034
HCM_01656,Roots Plant-based Cafe,10.7740117,106.6973898
HCM_01657,Queen Ann Hotel,10.7711701,106.6895681
HCM_01658,Bánh Cuốn Tây Hồ 127,10.7907465,106.696988
HCM_01659,Xích Lô,10.7666487,106.6944624
HCM_01660,Tonkin Speciality Coffee,10.7744878,106.6978081
HCM_01661,Thúy Hiền,10.7876478,106.6965101
HCM_01662,Bếp Chay Nhà Zen,10.7874334,106.6560902
HCM_01663,M Village,10.7900051,106.6931974
HCM_01664,Cát Vàng Chay,10.7494897,106.6114582
HCM_01665,CELA Nhà Hàng Chay,10.7890424,106.6970289
HCM_01666,Trulli Café,10.7843043,106.6942729
HCM_01667,Café Linh,10.784355,106.6942271
HCM_01668,Quán Lục Lạc Cơm Chay 15.000,10.7846465,106.6396567
HCM_01669,Metta Chay,10.782228,106.6881372
HCM_01670,Cục Gạch Chay,10.7907933,106.6918273
HCM_01671,Saigon Chay Vegan House,10.7860878,106.6770503
HCM_01672,Bếp Chay An Nhiên Viên,10.7757418,106.6747281
HCM_01673,Thiền Trúc,10.793772,106.6901861
HCM_01674,Chay Thiện Quang,10.7593199,106.6611946
HCM_01675,Quán An Chay,10.7959189,106.6924219
HCM_01676,Nhà Hàng Chay San May,10.789009,106.6982345
HCM_01677,Rio Coffee & Tea,10.7753583,106.6341392
HCM_01678,The Signature Hotel,10.7717327,106.6926339
HCM_01679,Off-Dry,10.7705814,106.6918271
HCM_01680,Buffet Chay D'Gemma,10.7760788,106.6807932
HCM_01681,Tiệm Chay Nàng Mây,10.7838552,106.6713235
HCM_01682,Bếp Chay Đế Thính,10.7942711,106.6672225
HCM_01683,Sasin Mì Cay Hàn Quốc,10.7955707,106.6664108
HCM_01684,Nhà Hàng Chay Vĩnh Nghiêm,10.79042,106.6826279
HCM_01685,Quán Hoa Đào,10.7378429,106.612455
HCM_01686,Soha Nhà Chay,10.7721912,106.6962704
HCM_01687,Pizza Belga - Phan Ke Binh,10.789697,106.6994356
HCM_01688,Araham Nhà Hàng Chay,10.775033,106.6744286
HCM_01689,Cafe Broken Rice - Coffee Hidden Local,10.7902849,106.6772244
HCM_01690,AN CHI HOTEL,10.7944046,106.6727454
HCM_01691,Tiệm Cà Phê Biil - Chợ,10.793635,106.6723892
HCM_01692,HÀ - Acoustic Coffee,10.797859,106.6727978
HCM_01693,Cafe AM:PM,10.7952823,106.6740024
HCM_01694,Y coffee roastery,10.7696283,106.6836999
HCM_01695,Quán chay Thôi Kệ,10.7714592,106.6725929
HCM_01696,The Bí Mành - Bánh Mì Heo Quay - Trần Nguyên Đán,10.7926055,106.6936197
HCM_01697,anh cafe,10.7926051,106.6936866
HCM_01698,96B cafe & roastery,10.7900936,106.6967422
HCM_01699,Hannah's Kitchen VN,10.7999139,106.6896944
HCM_01700,SẠC,10.7689879,106.6959074
HCM_01701,Phúc Nguyên,10.7584774,106.6658591
HCM_01702,Hoa Phong,10.7584187,106.6658726
HCM_01703,Quyn,10.7583091,106.6658979
HCM_01704,iVegan Supershop,10.7716659,106.6951726
HCM_01705,Quán Chay Lam,10.7699115,106.6815759
HCM_01706,The Joi Factory,10.765341,106.6865537
HCM_01707,Tiệm Chay Heye,10.769371,106.6827934
HCM_01708,Highlands Coffee,10.7965591,106.6908919
HCM_01709,Ẩm Thực Chay Thôi Kệ - Lạc An,10.764443,106.6679605
HCM_01710,Ẩm Thực Chay Tuệ Đăng,10.7409497,106.6278462
HCM_01711,YoshiYoshi Coffee & Tea,10.767876,106.6993584
HCM_01712,Chez Mimosa Petite,10.7660469,106.6954498
HCM_01713,Tung's,10.7724964,106.6965364
HCM_01714,Thanh Thiên,10.7690846,106.694509
HCM_01715,Cô Liêng,10.771616,106.6858145
HCM_01716,A25,10.7690034,106.6943093
HCM_01717,Day By Day,10.7691858,106.6933369
HCM_01718,Allez Boo,10.7685827,106.6932667
HCM_01719,Phở Ông Cát,10.7685435,106.6931263
HCM_01720,Liberty Hotel,10.7686608,106.6935151
HCM_01721,A25,10.7685511,106.6933777
HCM_01722,Gateway of India,10.7718658,106.6928274
HCM_01723,Starbucks,10.7779247,106.6898048
HCM_01724,Ẩm Thực Chay Visatra,10.7383625,106.6962144
HCM_01725,Cubicity ton that tung,10.7704155,106.6876545
HCM_01726,SOBO Coffee & Matcha,10.7727902,106.6934539
HCM_01727,Tabàha,10.7958977,106.6673605
HCM_01728,Quán Ăn Huế Bà Bảy,10.7816408,106.6947895
HCM_01729,Acnos Hotel,10.7706314,106.6939594
HCM_01730,Bánh Mì Chay XANH,10.7714741,106.69207
HCM_01731,Nhà Hàng Chay Thanh Hương,10.7994785,106.656613
HCM_01732,Nhà Hàng Hoang,10.7742806,106.6967475
HCM_01733,Thực Đơn Chay 380,10.7910486,106.683653
HCM_01734,Tự Taị Quán Chay,10.7976327,106.6758678
HCM_01735,Gòn Cà phê,10.7907005,106.6877243
HCM_01736,Bếp Chay Phạm Hồng Phước,10.77539,106.6853823
HCM_01737,Quán Chay Trúc Lâm Bồ Đề,10.7652672,106.6630455
HCM_01738,157,10.7557038,106.6694325
HCM_01739,Mìng Sấm,10.7559957,106.6694462
HCM_01740,Hân,10.7551849,106.6694082
HCM_01741,Beehive,10.7567074,106.6687743
HCM_01742,Trung Nguyên,10.7567436,106.6690084
HCM_01743,JuiceTime,10.756741,106.6689795
HCM_01744,Guta Nguyễn Văn Thủ,10.7879292,106.6970183
HCM_01745,Belgo Nguyễn Văn Thủ - Belgian Craft Beer & Restaurant,10.7887704,106.697965
HCM_01746,Hai Lúa,10.7538371,106.6641951
HCM_01747,Tacoleo,10.7660499,106.693945
HCM_01748,Chay Lười Giàu Đam,10.79102,106.6870059
HCM_01749,Bahn Mi 611,10.7667125,106.6904605
HCM_01750,Ốc Singapore - Hải Sản Bình Dân,10.7622276,106.6939335
HCM_01751,Tu Li Ku Su,10.7651524,106.6914875
HCM_01752,1996 Space & Coffee,10.7667283,106.6999267
HCM_01753,Highlands Coffee,10.7746781,106.6754723
HCM_01754,An Yên Chay,10.7770609,106.6498106
HCM_01755,Bò kho gánh,10.7617853,106.6729985
HCM_01756,V&M,10.7627722,106.6763492
HCM_01757,Lẩu gà cơ bắp,10.7637659,106.6759719
HCM_01758,Quán ăn @Vũ,10.7863125,106.6716875
HCM_01759,Chay Garden,10.7849714,106.6998924
HCM_01760,Nhà Hàng Chay Soha,10.7667351,106.6940144
HCM_01761,Nâunâu,10.7667991,106.6907291
HCM_01762,The Crab Shack Central,10.7664912,106.6986439
HCM_01763,Tay Son Coffee,10.7841335,106.6879924
HCM_01764,Cơm Chay Cát Tường,10.7848899,106.6710535
HCM_01765,MÌ Ý A.HOÀI - Do Chính A.HOÀI Đảm Trách,10.7607761,106.690652
HCM_01766,Quán ăn 257,10.759643,106.6932764
HCM_01767,Phong Phú,10.7552304,106.6789077
HCM_01768,Kim's studio,10.7724964,106.6856438
HCM_01769,The Alley Cat,10.7677912,106.6926312
HCM_01770,Phượng Hoàng,10.7670725,106.6940993
HCM_01771,Sip & Savour,10.7677537,106.6590237
HCM_01772,Phở Bình,10.790891,106.6870771
HCM_01773,Cơm tấm Nguyễn Văn Cừ,10.7568815,106.6852208
HCM_01774,Cà phê số 4,10.7907193,106.6943965
HCM_01775,Nhà Hàng Chay Làng Ta,10.7826527,106.6839084
HCM_01776,Lẩu Rau Nấm Chay Mê Rau,10.7688755,106.6847304
HCM_01777,Kimbong Toast & Drink,10.775463,106.6872055
HCM_01778,Signy House,10.7939193,106.6884701
HCM_01779,Creamy,10.793759,106.687577
HCM_01780,Gờ Café,10.7932526,106.6875119
HCM_01781,Flow - Roaster Coffee,10.7937873,106.6877299
HCM_01782,Guta,10.7930369,106.6896897
HCM_01783,Tiệm Chay Tường Viên,10.7550176,106.6766871
HCM_01784,Phuc Long,10.7845771,106.6995595
HCM_01785,Nhà Hàng Chay Tâm,10.7635604,106.6886168
HCM_01786,Long,10.7851926,106.6574442
HCM_01787,Gờ Coffee,10.7902461,106.6926655
HCM_01788,Tiệm Lẩu Trứ Danh,10.7625249,106.6881969
HCM_01789,Nhà Hàng Chay An Hương,10.7454011,106.6432055
HCM_01790,Bò Né,10.791325,106.6396903
HCM_01791,Hủ tiếu nam vang Thành Đạt,10.7891169,106.6987866
HCM_01792,Nhà Hàng Chay Hikari,10.7750442,106.6645467
HCM_01793,Anh Thư,10.752833,106.6521073
HCM_01794,Cơm 67,10.7528617,106.651994
HCM_01795,Nắng Cafe,10.7528841,106.6519056
HCM_01796,Vĩnh Khang,10.7528431,106.6520677
HCM_01797,Passio,10.7531302,106.651869
HCM_01798,Beer garden - Taste of India,10.791194,106.6950547
HCM_01799,Quán Nga - Bún thịt nướng,10.79179,106.6909755
HCM_01800,Highlands,10.7884848,106.6997872
HCM_01801,Bingsuya,10.7885537,106.6998441
HCM_01802,Bánh Mì,10.7713595,106.6677793
HCM_01803,A Priori Coffee House,10.7727773,106.6684402
HCM_01804,Cà phê pha phin,10.7718159,106.6682423
HCM_01805,Banh canh,10.7994173,106.6870569
HCM_01806,Viva Star Coffee,10.7725572,106.6649513
HCM_01807,Mai Cà Phê,10.7724315,106.6660941
HCM_01808,Cà Phê Sài Thành,10.7715814,106.6682007
HCM_01809,Là Việt Coffee,10.7776691,106.6836597
HCM_01810,Mì Quảng Hai Chị Em,10.7718079,106.6654569
HCM_01811,Bánh Mì Hà Nội,10.7720119,106.661941
HCM_01812,Cafe Bistro Kingdom,10.775928,106.6630836
HCM_01813,Viva To Go,10.7775862,106.6612112
HCM_01814,Viva Reserve,10.7723234,106.6652645
HCM_01815,Chay Diệu My,10.7638908,106.6954529
HCM_01816,Tàu Hủ Chà Neo,10.7710123,106.6667692
HCM_01817,Lẩu Bò - Bảo ký,10.7885088,106.6207644
HCM_01818,Chè mai,10.7929145,106.6395874
HCM_01819,Xôi Bình Tiên,10.7670949,106.6766746
HCM_01820,Trung Nguyên Coffee,10.7983109,106.6859386
HCM_01821,3Đ Chill Cafe,10.7853495,106.6838354
HCM_01822,Pasteur Street Craft Beer,10.7673944,106.6940607
HCM_01823,Hung Map,10.7661348,106.6879562
HCM_01824,Oc Dao,10.7652142,106.6846551
HCM_01825,Jayu,10.7830488,106.6810891
HCM_01826,Phở Anh,10.7844647,106.6828713
HCM_01827,Bánh xèo,10.7866919,106.6362996
HCM_01828,Cafe Latino,10.7814124,106.6908524
HCM_01829,Annie House,10.7719801,106.6934172
HCM_01830,Like Cofee - Banh Mi,10.7688614,106.6940175
HCM_01831,McDonald's,10.7699361,106.6967625
HCM_01832,Công viên Lê Thị Riêng,10.7848296,106.6646279
HCM_01833,Công viên Lê Văn Tám,10.7882407,106.6937572
HCM_01834,Khu du lịch Kỳ Hòa,10.77352,106.6721316
HCM_01835,Công viên Phú Lâm,10.7480109,106.6253245
HCM_01836,Công viên số 1 Lý Thái Tổ,10.7651628,106.6793984
HCM_01837,Bưu điện Trung tâm Sài Gòn,10.7799812,106.7000211
HCM_01838,Chợ Bến Thành,10.7725707,106.6980174
HCM_01839,Dinh Độc Lập,10.777017,106.6954031
HCM_01840,Nhà thờ Thánh Jeanne d'Arc,10.7570415,106.667369
HCM_01841,Cà Phê Hachiko,10.797641,106.692176
HCM_01842,Khách sạn Equatorial,10.7633463,106.6791927
HCM_01843,Công viên Hòa Bình,10.7605682,106.673803
HCM_01844,New World Hotel,10.7708179,106.6949125
HCM_01845,Công viên Văn Lang,10.7565933,106.6675432
HCM_01846,Khách sạn & Suites JW Marriott Sài Gòn,10.7811859,106.7006048
HCM_01847,Công viên Lê Lợi,10.7739434,106.6995637
HCM_01848,Công trình cảnh quan Nhà thi đấu Phan Đình Phùng,10.7814918,106.6938718
HCM_01849,Công viên Bách Tùng Diệp,10.7764963,106.6991978
HCM_01850,Công viên Phường 5,10.7578428,106.6995318
HCM_01851,Công viên Dạ Trạch,10.7566797,106.6668841
HCM_01852,Công viên Cửu Long,10.750825,106.6538952
HCM_01853,Công viên Lê Lợi,10.7473738,106.6493176
HCM_01854,Công viên Võ Văn Kiệt,10.7507013,106.6684476
HCM_01855,Công viên Võ Văn Kiệt,10.7501448,106.671212
HCM_01856,Khách Sạn Novotel Saigon Centre,10.7843254,106.6960155
HCM_01857,Công viên Phường 2,10.7487485,106.6836928
HCM_01858,Khách Sạn SGN Parkroyal,10.7995324,106.6681043
HCM_01859,Vissai Saigon Hotel,10.7988628,106.6708373
HCM_01860,Orchids Hotel,10.7811829,106.6955689
HCM_01861,Công viên Thích Quảng Đức,10.7754166,106.6868051
HCM_01862,Khách Sạn Eastin Grand Sài Gòn,10.7962641,106.6731295
HCM_01863,Dynasty House,10.7958923,106.6755923
HCM_01864,Ngọc Sương Marina,10.7807981,106.6918205
HCM_01865,Highlands Coffee,10.777746,106.6991246
HCM_01866,KFC,10.7836051,106.6951945
HCM_01867,Saigon Star Hotel,10.7752121,106.6905019
HCM_01868,Lan Anh,10.7790336,106.6783624
HCM_01869,Khách sạn Kỳ Hòa,10.7728545,106.6742662
HCM_01870,Liberty 4,10.7680184,106.6923374
HCM_01871,Victory Hotel,10.7804728,106.6934739
HCM_01872,Trung Tâm Mua Sắm Nowzone,10.7643362,106.6824608
HCM_01873,Khách sạn Nikko Saigon,10.764313,106.6830061
HCM_01874,A&EM,10.7719162,106.6953372
HCM_01875,Nhà khách Phương Nam,10.7616112,106.6852124
HCM_01876,Nhà khách Phương Nam,10.7626556,106.6861397
HCM_01877,Công viên Tạ Quang Bữu,10.7370607,106.6760967
HCM_01878,Công viên Bông Sao,10.735521,106.6626961
HCM_01879,Khách Sạn Viễn Đông,10.7679115,106.6918802
HCM_01880,Khách sạn Phú Thọ,10.7623507,106.6576695
HCM_01881,Công viên Bình Phú,10.7426559,106.632167
HCM_01882,Nhà hàng Ẩm thực Quê Nhà,10.7691902,106.6661781
HCM_01883,Cà phê Làng Văn,10.7980913,106.6751472
HCM_01884,Nhà hàng Ngọc Sương,10.7917688,106.6811892
HCM_01885,Nhà hàng Hương Cau,10.7953534,106.667186
HCM_01886,Cà phê Cõi Xưa,10.7960213,106.6674462
HCM_01887,McDonald's,10.7925984,106.6987537
HCM_01888,7 Kỳ Quan,10.7420186,106.6321269
HCM_01889,Công viên Lò Gốm,10.7401542,106.6341862
HCM_01890,Arc en Ciel,10.7521341,106.6646109
HCM_01891,Khách sạn Tân Thủ Đô,10.7539031,106.6582115
HCM_01892,Công viên Chánh Hưng,10.7352702,106.6690506
HCM_01893,Công viên Bàu Cát,10.7911985,106.6429657
HCM_01894,Công viên Tân Phú,10.7830771,106.6368073
HCM_01895,Công viên Phú Hòa,10.769221,106.645149
HCM_01896,Saigon Hanoi Hotel,10.7943042,106.6759527
HCM_01897,Khách sạn Đồng Khánh,10.7531938,106.6717631
HCM_01898,Công viên Lãnh Binh Thăng,10.7632268,106.649898
HCM_01899,Công viên Tân Phước,10.7748658,106.6527849
HCM_01900,Công viên Nhà thi đấu Tân Bình,10.7949391,106.6541186
HCM_01901,Aristo Hotel,10.7809817,106.6947518
HCM_01902,Pullman Saigon Centre,10.7642446,106.6917021
HCM_01903,Nhà Hàng Ngọc Lan,10.7657364,106.6866041
HCM_01904,Lương Thế Vinh,10.7645957,106.6304263
HCM_01905,Elios Hotel,10.7681858,106.6925347
HCM_01906,Đài liệt sĩ Quận 3,10.7910984,106.6830226
HCM_01907,KS Dong Phuong 11 storeys,10.7874155,106.6643339
HCM_01908,Công viên Tao Đàn,10.7747886,106.6930859
HCM_01909,Công viên Bãi Cát,10.7571464,106.6282705
HCM_01910,Nhà hàng Đông Phương,10.7627399,106.6319937
HCM_01911,Nhà Hàng Tâm Ký,10.7870777,106.6639916
HCM_01912,Công Viên 158 Phan Anh,10.7632943,106.6251618
HCM_01913,ÆON MALL Bình Tân,10.742703,106.6119346
HCM_01914,ÊMM HOTEL SAIGON,10.7848549,106.6906705
HCM_01915,Nhà Hàng Kim Chi,10.7913549,106.662097
HCM_01916,Crabs delicacies,10.7953611,106.6639642
HCM_01917,Trinh Cafe,10.7877933,106.6640498
HCM_01918,Vạn Hạnh Mall,10.770575,106.6695631
HCM_01919,Công viên Chợ Quán,10.760465,106.6760096
HCM_01920,Khách Sạn Cường Thanh 2,10.7727571,106.6698369
HCM_01921,TTTM RomeA,10.7780347,106.6901155
HCM_01922,Tokyo Deli Tran Hung Dao,10.7652784,106.6926634
HCM_01923,Namoo Cafe,10.7726011,106.6789944
HCM_01924,Viva Star Coffee,10.7728893,106.6789424
HCM_01925,Địa đạo Phú Thọ Hòa,10.783678,106.6309697
HCM_01926,Nguyên Chất coffee,10.761822,106.6750541
HCM_01927,The Coffee House,10.7621963,106.6750129
HCM_01928,Bãi Cỏ - Trần Nhân Tôn,10.7620131,106.6750724
HCM_01929,Quan Lau De Mo,10.7360208,106.6707737
HCM_01930,Cong Vien Duong 4,10.7361536,106.670563
HCM_01931,Công viên Dương Đình Nghệ,10.7625006,106.6499735
HCM_01932,KFC,10.746861,106.6601809
HCM_01933,Popeyes,10.7467086,106.6609772
HCM_01934,Chỗ bán chim,10.7550063,106.6583767
HCM_01935,Nhà Hàng Bangkok BBQ,10.7551178,106.6911746
HCM_01936,Công viên Khánh Hội,10.757743,106.6976868
HCM_01937,Nhà Hàng Việt Phố,10.78353,106.688071
HCM_01938,Centre Mall Phạm Hùng,10.7335931,106.6745624
HCM_01939,Dominos Pizza,10.7521163,106.6106808
HCM_01940,Highlands Coffee,10.7520584,106.6113221
HCM_01941,Hotel Chi Minh,10.7389076,106.622062
HCM_01942,The Pizza Company,10.7753336,106.6145812
HCM_01943,Hotel Hạo Thành,10.7588334,106.6532803
HCM_01944,Hotel Thanh Hoa Kiều,10.7588193,106.6535856
HCM_01945,Hotel 173,10.7578346,106.6533629
HCM_01946,Khách Sạn An Tĩnh,10.7640876,106.655426
HCM_01947,Hotel Động Đó,10.7616447,106.6045759
HCM_01948,Saigon Star Coffee,10.7511091,106.6287562
HCM_01949,Hotel 88,10.7759086,106.6333984
HCM_01950,Hotel Tây Nguyên,10.768034,106.6276706
HCM_01951,Khách sạn Minh Châu,10.7784921,106.6728808
HCM_01952,Khách Sạn Bonita,10.7799386,106.6684437
HCM_01953,Aurora Serviced Apartments,10.7760302,106.6900816
HCM_01954,Sherwood Suites,10.782464,106.6924284
HCM_01955,đồng cỏ lau 1,10.7164323,106.6606738
HCM_01956,đồng cỏ lau 2,10.7159615,106.6604375
HCM_01957,đồng cỏ lau 3,10.7155003,106.6603088
HCM_01958,đồng cỏ lau 3,10.7150484,106.6602251
HCM_01959,Công viên Âu Lạc,10.7647893,106.6808399
HCM_01960,Ly club,10.7806884,106.6932638
HCM_01961,Phòng trà Đồng Dao,10.7776522,106.6995966
HCM_01962,Highlands Bưu Điện Thành Phố,10.7800866,106.6994816
HCM_01963,Nhà thờ Đức Bà Sài Gòn,10.779771,106.6990579
HCM_01964,Quán Ngon 138,10.7775622,106.6975402
HCM_01965,Nhà Hàng Nướng Barbecue Garden,10.7772883,106.6977562
HCM_01966,Saigon Sakura,10.7773654,106.6981201
HCM_01967,Pastel Inn Saigon,10.7778999,106.6981876
HCM_01968,Nhà khách Bộ Giao thông Vận tải,10.7778574,106.6973994
HCM_01969,Silverland Central,10.7716563,106.6973852
HCM_01970,Khách Sạn Gia Huy,10.771848,106.6966592
HCM_01971,Queen Central,10.7718782,106.6967082
HCM_01972,Cochin Sang Hotel,10.7719295,106.6967753
HCM_01973,Saigon Pink 2,10.7719474,106.6968043
HCM_01974,Gia Huy Hotel,10.772005,106.6969022
HCM_01975,Alagon Western Hotel,10.7719744,106.6968504
HCM_01976,Khách Sạn Aluna,10.7717807,106.6965584
HCM_01977,Norfolk Hotel,10.7747806,106.6999527
HCM_01978,Thien Tung,10.7703093,106.6995764
HCM_01979,Chợ Dân Sinh,10.7665431,106.6981651
HCM_01980,Biệt thự Nguyễn Văn Hảo,10.7687328,106.6968409
HCM_01981,hotel Đại Nam,10.7684217,106.6961769
HCM_01982,Regal Luxury,10.7688619,106.6984023
HCM_01983,Đình Phát,10.7689687,106.6983243
HCM_01984,Khách sạn Lotus Central Saigon,10.769201,106.6975804
HCM_01985,Khách sạn Trường Thắng,10.7640546,106.689891
HCM_01986,Yummy Food,10.7680515,106.6346235
HCM_01987,Nhà hàng Callary,10.786803,106.6849364
HCM_01988,Phố đi bộ đêm Kỳ đài Quang Trung,10.7642929,106.6629989
HCM_01989,Oromia Coffee & Lounge,10.7861756,106.6868159
HCM_01990,Chanchamayo Coffee,10.7933519,106.6832257
HCM_01991,Cà phê Hà Nội,10.7932066,106.6835471
HCM_01992,Trung Nguyên Coffee,10.7931345,106.6835839
HCM_01993,Công viên Ven sông,10.7379427,106.6980828
HCM_01994,Công viên Cầu Rạch Ông,10.7515853,106.6929586
HCM_01995,Nhà hàng Bê Vàng,10.7457625,106.6156915
HCM_01996,Mako Coffee,10.7438803,106.6147378
HCM_01997,Nhà Hàng KingBBQ,10.7961611,106.6655188
HCM_01998,Khách Sạn Đệ Nhất,10.7961996,106.6601696
HCM_01999,Phúc Long,10.7926066,106.6946262
HCM_02000,Bach Suites Saigon,10.7824213,106.6966019
HCM_02001,Lẩu Cua 245,10.7982237,106.6875634
HCM_02002,"Phở, Lẩu, Món Tiềm",10.7664138,106.6484761
HCM_02003,Nhà Hàng Sỹ Phú,10.796496,106.6594427
HCM_02004,Nhà hàng Yeebo,10.7959683,106.6754421
HCM_02005,Acnos Grand Hotel,10.7756818,106.6860382
HCM_02006,Khách sạn Minh Khang,10.7747837,106.6888601
HCM_02007,Khách sạn Minh Tâm,10.7797713,106.6927951
HCM_02008,Au Lac Legend Hotel,10.7809328,106.6958797
HCM_02009,Khách Sạn Sonnet Saigon,10.7766983,106.6912637
HCM_02010,Hong Hac Hotel Boutique,10.7765037,106.6914616
HCM_02011,Medusa Club,10.7771622,106.691199
HCM_02012,Bio Restaurant,10.7821382,106.6919335
HCM_02013,Khách Sạn Mai House Saigon,10.7818752,106.6915468
HCM_02014,Công Viên Văn hóa Đầm Sen,10.7658971,106.6386424
HCM_02015,Cafe Lafam,10.7984857,106.6863633
HCM_02016,Công viên Chung cư Lý Chiêu Hoàng,10.736477,106.6189449
HCM_02017,Công viên Bàu Cát 3,10.7936152,106.6412964
HCM_02018,Công viên Vườn Lài,10.7716406,106.6710042
HCM_02019,Công viên Đảo Nhật Bản,10.7138256,106.6630317
HCM_02020,Công viên Chung cư Hòa Bình,10.7670215,106.66112
HCM_02021,Si Cafe,10.7578205,106.6859437
HCM_02022,Phổ Đình Uraetei Yakiniku,10.7573304,106.6862853
HCM_02023,Khách sạn Đức Minh,10.7953745,106.6595707
HCM_02024,The Adora Legend,10.7946027,106.6583612
HCM_02025,The Adora Center,10.7980752,106.6593846
HCM_02026,Parc Mall,10.7407319,106.679143
HCM_02027,Sunny Saigon,10.767887,106.6939562
HCM_02028,Viva Star,10.7835209,106.6579679
HCM_02029,Café 30/4,10.77845,106.6959617
HCM_02030,Highlands Coffee,10.7478512,106.6595734
HCM_02031,Grandma Lu,10.7670918,106.689637
HCM_02032,Seoul,10.7438465,106.6349441
HCM_02033,Barista Collective,10.787429,106.6805995
HCM_02034,Satra Centre Mall,10.7436804,106.6483499
HCM_02035,Công viên 310A Hưng Phú,10.7488302,106.6761355
HCM_02036,Phố Cổ Quán,10.7813665,106.6625013
HCM_02037,Mê Rau Vegetarian,10.7816224,106.6625315
HCM_02038,BÒ TƠ QUÁN MỘC Số O1 Trường Sơn,10.7813627,106.6627206
HCM_02039,Nhà hàng Chay Giác Ngộ,10.7603645,106.6739481
HCM_02040,Trung tâm Thương Mại An Đông Plaza,10.7578415,106.67331
HCM_02041,Coffee Thúy Vi,10.7600528,106.6734084
HCM_02042,Căn tin Trường Đại học Sài Gòn – cơ sở 1,10.7791618,106.6835385
HCM_02043,Công viên Phong Châu,10.766355,106.6827629
HCM_02044,Quán ăn 86,10.7572016,106.6626851
HCM_02045,Hoa Thiện,10.7571201,106.6622911
HCM_02046,Cafe 29,10.7573018,106.6628108
HCM_02047,Quán 29,10.7572329,106.6628311
HCM_02048,Trà sữa 10,10.7571268,106.6628539
HCM_02049,VAN Coffee,10.7574803,106.6669431
HCM_02050,Galaxy Tường Lam,10.7589596,106.6673751
HCM_02051,The Wall Coffee,10.7587752,106.6678012
HCM_02052,VP-Coffee,10.7594473,106.6675829
HCM_02053,Sailor Moon,10.7576351,106.6628006
HCM_02054,Quán 04,10.7574613,106.6621195
HCM_02055,Vô Thường,10.7578434,106.6628147
HCM_02056,Lục Diệp,10.755318,106.6690139
HCM_02057,4-Q,10.7548634,106.6689399
HCM_02058,Maika,10.7547259,106.6692194
HCM_02059,Nhà hàng 544,10.7546731,106.6689556
HCM_02060,Cháo thập cẩm nấu Kỷ Ngon,10.7546696,106.6689064
HCM_02061,Cháo Sò Huyết,10.7570661,106.6692289
HCM_02062,Gỗ,10.7538354,106.6648
HCM_02063,Ngách,10.7538423,106.6648359
HCM_02064,Lắc Kiu,10.7539049,106.665158
HCM_02065,The Tching,10.7539586,106.6654314
HCM_02066,Me Café - Language Exchange,10.785799,106.690388
HCM_02067,Dặc Sản phan rang 2 phương,10.7819783,106.6644103
HCM_02068,Highlands Coffee,10.7812743,106.6623037
HCM_02069,Analog,10.7632758,106.6778233
HCM_02070,Bits Coffee,10.7726568,106.6702874
HCM_02071,Phở Quyên,10.7632257,106.6777149
HCM_02072,Bún Bò Huế A. Tuấn,10.7645128,106.678225
HCM_02073,Hủ Tiếu Liên,10.7659887,106.6764299
HCM_02074,Hủ Tiếu Nam Vang Phú Quý,10.766083,106.6766847
HCM_02075,Bánh bao Thuý Đỗ,10.7573614,106.6789411
HCM_02076,Gold,10.7572574,106.6787432
HCM_02077,Hồng Trà Tuổi Thơ,10.7569886,106.6782646
HCM_02078,Bốn Mùa,10.7569523,106.6782765
HCM_02079,Mơ Chiều,10.7566498,106.6784025
HCM_02080,Juicy Plus,10.7564543,106.6784708
HCM_02081,Ngon Mê Ly,10.7564882,106.6784588
HCM_02082,74 Juice,10.7563523,106.6785068
HCM_02083,Sông,10.7557081,106.6787749
HCM_02084,Phố Việt,10.7553033,106.6788805
HCM_02085,Lệ Quỳnh Hotel,10.7549964,106.6791743
HCM_02086,Trà Phê Cháy,10.75512,106.6796143
HCM_02087,Cháo Bò Viên 568,10.7553091,106.6803679
HCM_02088,Hậu (Chi nhánh 3),10.7554664,106.6808272
HCM_02089,Ủa,10.7554849,106.6808952
HCM_02090,La Doma,10.7553392,106.6802603
HCM_02091,Long,10.7576666,106.6797127
HCM_02092,Coffee Take Away,10.7570596,106.6808025
HCM_02093,Sushi Phố Chợ Bàu Sen,10.7570281,106.6808082
HCM_02094,Coffee 161,10.7578352,106.6806622
HCM_02095,A Mẹt,10.7561425,106.6810242
HCM_02096,Mr. Bisteak,10.7563569,106.6809361
HCM_02097,Là Home Cafe,10.7562861,106.6809564
HCM_02098,Dòng Biển Đức Thiên Phước,10.7565804,106.6809222
HCM_02099,Good Life,10.7568121,106.6808398
HCM_02100,Bạn Tôi,10.7560424,106.6801024
HCM_02101,Bà Xã,10.7542637,106.6669481
HCM_02102,Chè Sầu riêng Simi,10.7542744,106.6670036
HCM_02103,Mai Phương,10.7570106,106.6797083
HCM_02104,Bánh bao Thành Phát 99,10.7523365,106.6631186
HCM_02105,Tuibao,10.7523474,106.6632331
HCM_02106,Ego Eimi,10.7523835,106.6640922
HCM_02107,Yumei House,10.7523793,106.6640515
HCM_02108,Q-MaMaMart & Hotpot,10.7535433,106.6649411
HCM_02109,Thượng Hải,10.7537319,106.6663869
HCM_02110,Highlands Coffee,10.7538657,106.6663969
HCM_02111,Lục Trà,10.7538909,106.6669419
HCM_02112,An An,10.7538797,106.666867
HCM_02113,OMG,10.7538628,106.6667547
HCM_02114,Lena,10.7541187,106.6678065
HCM_02115,Trà sữa Hàn Quốc nhà làm,10.7540672,106.6675617
HCM_02116,Nguyên Phát II,10.7539568,106.6672977
HCM_02117,Hello Coffee,10.7539476,106.6672402
HCM_02118,Phuc Long,10.7681464,106.6745453
HCM_02119,Gờ Cafe,10.7928911,106.689821
HCM_02120,Mì trộn Tốp mỡ Trứng lòng đào Bãi Sậy,10.7545551,106.6684006
HCM_02121,Lam Kinh,10.7545084,106.6680908
HCM_02122,Siamcha,10.7542889,106.6688324
HCM_02123,Giác Ngộ,10.7542758,106.6687656
HCM_02124,Laha Café,10.7542563,106.6686657
HCM_02125,Phúc Long,10.7918898,106.6956973
HCM_02126,Chè Liên,10.7926547,106.6395763
HCM_02127,Lẩu gà lá é Tao Ngộ,10.7543705,106.6692506
HCM_02128,Hi-End Coffee,10.7545296,106.6667326
HCM_02129,Kokoria,10.7968439,106.6963927
HCM_02130,R Coffee,10.7974925,106.6921244
HCM_02131,Sương Mai 1007,10.7526401,106.652554
HCM_02132,Xôi Châu,10.7531236,106.6508517
HCM_02133,Ghiền Mía,10.7531104,106.6509046
HCM_02134,Thuận Kiều,10.7532383,106.6533943
HCM_02135,Cô Kim,10.7998535,106.6861406
HCM_02136,Highlands Coffee,10.7983839,106.6875999
HCM_02137,Cà Phê Milano,10.7983349,106.6861167
HCM_02138,Chợ Bình Tây,10.7493311,106.6510683
HCM_02139,Công viên 30/4,10.7792539,106.6973425
HCM_02140,Lotus Boutique;Văn phòng Công chứng Sài Gòn,10.7682986,106.6983332
HCM_02141,Công viên 23 tháng 9,10.7695676,106.6939415
HCM_02142,Phở Số 1 Hà Nội,10.7848583,106.700098
HCM_02143,Lotteria,10.780071,106.7039377
HCM_02144,Lotteria,10.7416884,106.7299407
HCM_02145,Lotteria,10.7863467,106.7016034
HCM_02146,Nhà Hàng Swiss Alps,10.7279559,106.7051543
HCM_02147,Nhà Hàng Au Tresor,10.772698,106.7048299
HCM_02148,Lotteria,10.7772651,106.7022543
HCM_02149,Khách Sạn Tân Hải Long 3,10.7719103,106.703742
HCM_02150,Nhà Hàng Bờ Sông,10.789502,106.711158
HCM_02151,Nhà Hàng Riverside Saigon,10.7728736,106.7062835
HCM_02152,Nhà Hàng Hai Lúa Sài Gòn,10.7807008,106.7067111
HCM_02153,Khách Sạn Riverside Saigon,10.7738686,106.7063202
HCM_02154,Cà Phê Vườn Kiểng,10.7757808,106.7071741
HCM_02155,Cà Phê Spotlight,10.7645525,106.7036887
HCM_02156,Cà Phê Màu Hoa Anh Đào,10.7814169,106.7061129
HCM_02157,Khách Sạn Moonlight,10.7804454,106.7075254
HCM_02158,The Coffee House,10.7809412,106.7064002
HCM_02159,Cà Phê Trùng 3T,10.7805044,106.7072351
HCM_02160,Thức Ăn Dinh Dưỡng Cây Thị,10.7638808,106.7048454
HCM_02161,Nhà Hàng Buffet Vasta,10.7820596,106.7057171
HCM_02162,Nhà Hàng Wrap&Roll,10.7732882,106.7040253
HCM_02163,Trung Nguyên Coffee,10.7921354,106.7128519
HCM_02164,Cà Phê Hog's Breath,10.7718499,106.7048379
HCM_02165,Cà Phê 3G,10.7956722,106.7339169
HCM_02166,Cà Phê Terrace,10.7737673,106.7011077
HCM_02167,Cà Phê The Refinery,10.7782301,106.7037621
HCM_02168,Quán Bar No.5,10.7712979,106.7024
HCM_02169,Cà Phê Sân Cỏ,10.7925804,106.749832
HCM_02170,Highlands Coffee,10.7222772,106.7128058
HCM_02171,Nhà Hàng Jaspas,10.778168,106.7037041
HCM_02172,The Coffee House,10.7850269,106.7026662
HCM_02173,Cà Phê Ciao,10.7751001,106.7029693
HCM_02174,Nhà Hàng Ấn Độ Curry Rice,10.7762829,106.7042247
HCM_02175,Nhà Hàng Halal Sai Gon,10.7760297,106.7047293
HCM_02176,Nhà Hàng Cung Đình Rex,10.7754972,106.7007063
HCM_02177,Nhà Hàng Alibaba,10.7743953,106.7040996
HCM_02178,Highlands Coffee,10.7769684,106.70344
HCM_02179,Mimi Ultra Lounge,10.7718973,106.7005703
HCM_02180,Quán Bar Saigon Saigon,10.7760827,106.7034287
HCM_02181,Nhà Hàng Hải Cảng,10.7662887,106.7077614
HCM_02182,Cà Phê Calibre,10.7743763,106.7037363
HCM_02183,Quán Bar Trung Tâm,10.7767817,106.7040443
HCM_02184,Nhà Hàng Bornga,10.7788067,106.7020073
HCM_02185,Highlands Coffee,10.7841289,106.7033179
HCM_02186,Bánh Mì The One,10.779859,106.700914
HCM_02187,Nhà Hàng Lion Beer,10.776619,106.7039069
HCM_02188,Cà Phê Central Nguyễn Huệ,10.7738692,106.7034139
HCM_02189,Highlands Coffee,10.7736729,106.7007717
HCM_02190,Cà Phê Soho,10.7725032,106.7019571
HCM_02191,Khách Sạn Metropole,10.7740734,106.7055809
HCM_02192,Nhà Hàng Bên Sông,10.7199051,106.7117175
HCM_02193,Nhà Hàng Cham Charm,10.7245881,106.7197193
HCM_02194,Grand Hotel,10.773628,106.705911
HCM_02195,Nhà Hàng Hoằng Long,10.7768249,106.703813
HCM_02196,Nhà Hàng Neighborhood Meal,10.7805082,106.7057315
HCM_02197,5KU Station,10.7794464,106.7042294
HCM_02198,Nhà Hàng Hoa Sứ,10.7975447,106.7141842
HCM_02199,Nhà Hàng Trang Đỏ,10.797848,106.714665
HCM_02200,Nhà Hàng Bông Súng,10.797692,106.715692
HCM_02201,Nhà Hàng Kitchen,10.7979426,106.7158367
HCM_02202,Nhà Hàng El Gaucho,10.7780321,106.7036328
HCM_02203,Nhà Hàng Nhật Annz,10.7781923,106.7039909
HCM_02204,Nhà Hàng Beirut,10.7780733,106.7039174
HCM_02205,Cửa Hàng Pizza 4P's,10.7818475,106.705108
HCM_02206,Starbucks,10.7765217,106.7049252
HCM_02207,Cà Phê Phố Nhỏ,10.7943062,106.7412085
HCM_02208,Nhà Hàng Blanchy Street,10.7780081,106.7038501
HCM_02209,Nhà Hàng Hoa Túc,10.7783472,106.7038891
HCM_02210,Nhà Hàng Le Bouchon De Saïgon,10.7803707,106.7035032
HCM_02211,The Coffee Bean & Tea Leaf,10.7799219,106.7039841
HCM_02212,Khách Sạn King,10.7799281,106.7039394
HCM_02213,Nhà Hàng Ciao Bella,10.7762605,106.7049669
HCM_02214,Khách Sạn Northern,10.7774795,106.7051917
HCM_02215,Khách Sạn White Lotus,10.7776953,106.7055012
HCM_02216,Khách Sạn Aquari,10.7773747,106.705354
HCM_02217,Nhà Hàng Zanzbar,10.7759751,106.7046722
HCM_02218,Nhà Hàng Skewers,10.7790115,106.7047525
HCM_02219,Khách Sạn New Star,10.7788392,106.7048113
HCM_02220,Khách Sạn Royal Lotus,10.7789255,106.7041427
HCM_02221,Khách Sạn Hoa Sen,10.7775096,106.7057021
HCM_02222,Khách Sạn Ngọc Minh,10.7771111,106.7054161
HCM_02223,Cà Phê La Dolce Vita,10.7770275,106.7022407
HCM_02224,Khách Sạn King Star,10.7780677,106.7041264
HCM_02225,Khách Sạn Cherry,10.7790247,106.7050932
HCM_02226,Nhà Hàng Som Tum Thai,10.7792532,106.7038786
HCM_02227,Khách Sạn May,10.7778185,106.7007546
HCM_02228,Nhà Hàng Namo,10.777874,106.7037686
HCM_02229,Nhà Hàng Le Bourgeois,10.7768577,106.7024065
HCM_02230,Trung Nguyên Coffee,10.7797937,106.7041252
HCM_02231,Khách Sạn Sun Flower,10.7790752,106.7046764
HCM_02232,Khách Sạn Medal,10.7791543,106.7049719
HCM_02233,Khách Sạn Silverland Jolie,10.7774137,106.7058193
HCM_02234,Khách Sạn Oscar,10.7747783,106.7033841
HCM_02235,Gloria Jean's,10.7218318,106.7122518
HCM_02236,Nhà Hàng Tao Li,10.721758,106.7118871
HCM_02237,Nhà Hàng Yeebo,10.7249731,106.7199337
HCM_02238,Nhà Hàng Hoàng Yến,10.7275634,106.7196653
HCM_02239,Phở Hùng,10.7232127,106.7100203
HCM_02240,Nhà Hàng Nhật Bản Tokyo Deli,10.7275927,106.7195082
HCM_02241,Cà Phê Hướng Dương,10.7219794,106.7132979
HCM_02242,Nhà Hàng Chả Cá Hà Nội,10.7223325,106.7145425
HCM_02243,Domino's,10.7252736,106.7087703
HCM_02244,Izakaya Noboru,10.7336504,106.7082869
HCM_02245,Nhà Hàng Âu Lạc Du Brasil,10.7320253,106.7058174
HCM_02246,Starbucks,10.721225,106.7140515
HCM_02247,HiHi TomYum,10.7302921,106.7095995
HCM_02248,Carl's Jr.,10.7272656,106.7084749
HCM_02249,Cà Phê Lili Fb,10.7276978,106.7084534
HCM_02250,Quán Cơm Tâm Mộc,10.7274975,106.7084534
HCM_02251,Quán Mỳ Vằn Thắn,10.7275224,106.7092126
HCM_02252,Phở Ông Già,10.7266015,106.7094512
HCM_02253,Nhà Hàng Texas Chicken,10.7275502,106.7088238
HCM_02254,Chè Thiên Đường,10.7300264,106.7095467
HCM_02255,Cà Phê Princess And The Pea,10.7749587,106.7005062
HCM_02256,Cà Phê Mocking Bird,10.7694751,106.7044829
HCM_02257,KFC,10.730288,106.7087541
HCM_02258,Pizza Inn,10.7266275,106.7087779
HCM_02259,Khách Sạn Lucky Star,10.7275001,106.7066161
HCM_02260,Khách Sạn Little Saigon Boutique,10.7746121,106.7002663
HCM_02261,Nhà Hàng Lemongrass,10.7754055,106.7033338
HCM_02262,Ốc Tý,10.7868712,106.7071606
HCM_02263,Starbucks,10.7756464,106.7005642
HCM_02264,Trung Nguyên Coffee,10.7753501,106.7040924
HCM_02265,Khách Sạn Saigon River,10.7753807,106.7047107
HCM_02266,Subway,10.780084,106.70412
HCM_02267,Nhà Hàng Dragon Steak,10.773364,106.702516
HCM_02268,TNT Coffee,10.7336894,106.7086744
HCM_02269,Cà Phê Passio,10.779941,106.701006
HCM_02270,Khách Sạn Roseland Point,10.771829,106.703755
HCM_02271,Khách Sạn Âu Lạc,10.772093,106.7036766
HCM_02272,Phuc Long,10.7293289,106.7187498
HCM_02273,Cửa Hàng Sushi Bar,10.7297012,106.7218723
HCM_02274,The Coffee Bean & Tea Leaf,10.7295097,106.7195269
HCM_02275,Cà Phê Soho,10.726534,106.720854
HCM_02276,Cà Phê Bamba,10.726223,106.72105
HCM_02277,Quán Ăn Hương Sơn,10.788971,106.731403
HCM_02278,Nhà Hàng Goldfish,10.7746812,106.7042541
HCM_02279,Trung Tâm Tiếng Anh Hội Việt Mỹ - VUS,10.7287847,106.7203938
HCM_02280,Nhà Hàng Pitchers Sports And Grill,10.7190379,106.7271116
HCM_02281,Tan Hoang Long Hotel,10.774799,106.7041338
HCM_02282,Quán Ăn DimSum,10.7896434,106.7041204
HCM_02283,Cà Phê Trần,10.7647704,106.7015087
HCM_02284,Nhà Hàng Portofino,10.776223,106.7048961
HCM_02285,Nhà Hàng Xu,10.7769624,106.7044959
HCM_02286,Nhà Hàng El Gaucho,10.7777314,106.7045057
HCM_02287,Phở 24,10.7745474,106.7046273
HCM_02288,Lotteria,10.7639214,106.7046195
HCM_02289,Nhà Hàng Golden Elephant,10.7769534,106.704788
HCM_02290,Circle K,10.7694431,106.7000459
HCM_02291,Nhà Hàng StormP Saigon,10.7776676,106.7044489
HCM_02292,The Coffee Bean & Tea Leaf,10.7842255,106.7036949
HCM_02293,Cửa Hàng Le Jardin,10.7801823,106.7034301
HCM_02294,MIT rooftop bistro,10.7736594,106.7054779
HCM_02295,Nhà Hàng Pháp La Fourchette,10.7738554,106.7056571
HCM_02296,Nhà Hàng Temple Club,10.7732582,106.7017621
HCM_02297,Nhà Hàn 3T Quán Nướng,10.7732808,106.7017957
HCM_02298,Nhà Hàng Hương Lài,10.77734,106.700248
HCM_02299,Nhà Hàng Basilico,10.7814055,106.7011626
HCM_02300,Khách Sạn The Reverie SaiGon,10.7738731,106.704865
HCM_02301,Nhà Hàng Thanh Thìn,10.7676305,106.7000487
HCM_02302,Nhà Hàng Chabad Vietnam,10.7892923,106.7014657
HCM_02303,El Gaucho,10.7278506,106.7185037
HCM_02304,Pizza Hut,10.74164,106.7017062
HCM_02305,Pizza Hut,10.7297073,106.7198694
HCM_02306,Pizza Hut,10.7292804,106.7061103
HCM_02307,Pizza Hut,10.7953131,106.7095937
HCM_02308,Cà Phê Juicy,10.7859961,106.7008788
HCM_02309,Cà Phê Passio,10.7856401,106.7009163
HCM_02310,Cà Phê Stop,10.7857002,106.7005878
HCM_02311,Công Viên Ven Sông An Phú Hưng,10.7362462,106.7099951
HCM_02312,Nhà Hàng Boomerang Bistro Saigon,10.7262831,106.7204412
HCM_02313,Cà Phê Long Béo,10.7369094,106.7073344
HCM_02314,Nhà Hàng Saigon Garden,10.7755232,106.702529
HCM_02315,Nhà Hàng Homyland 1,10.7869045,106.763111
HCM_02316,Tous les Jours,10.7740844,106.7005221
HCM_02317,The Workshop Coffee,10.7734061,106.7055391
HCM_02318,Nhà Hàng The Lunch Lady,10.7915811,106.7042222
HCM_02319,Cà phê C4,10.7946597,106.7372919
HCM_02320,Nhà Hàng Kiều Giang,10.7911321,106.7930133
HCM_02321,Khách Sạn Hương Sen,10.7751112,106.7044078
HCM_02322,Cà Phê MMA,10.7148188,106.7040432
HCM_02323,Lạc Thảo Quán Bình Dân,10.751774,106.71409
HCM_02324,Nhà Hàng The Elbow Room,10.771263,106.7024191
HCM_02325,Nhà Hàng My Bahn Mi,10.7794971,106.7005803
HCM_02326,Chả Cá Lã Vọng,10.773666,106.7025664
HCM_02327,95 Quán,10.769364,106.702701
HCM_02328,Cà Phê La Fenetre Soleil,10.7773999,106.7003456
HCM_02329,The Coffee House,10.7387137,106.710201
HCM_02330,Khách Sạn Saga,10.7770203,106.7046434
HCM_02331,Khách Sạn The Spring,10.778942,106.7030687
HCM_02332,Chuck's Burgers,10.7751229,106.7006493
HCM_02333,Nhà Hàng Nướng Chilli,10.7607921,106.7045826
HCM_02334,Quán Rockbar,10.7715792,106.7021603
HCM_02335,Công Viên Sala,10.7712694,106.7250457
HCM_02336,Nhà Hàng Song Tân,10.7455491,106.7158206
HCM_02337,Cà Phê Rita Võ,10.7982919,106.7328138
HCM_02338,Auguda Coffee,10.789177,106.7002172
HCM_02339,Quán Cơm Tấm Nhớ,10.7399582,106.702491
HCM_02340,Quán Game On Sports Pub,10.7728977,106.7033292
HCM_02341,Cà Phê Chế,10.762242,106.7015048
HCM_02342,Gangnam BBQ House,10.7329877,106.708305
HCM_02343,Highlands Coffee,10.7706252,106.7031762
HCM_02344,Trà Sữa R&B,10.7721465,106.7040893
HCM_02345,Quán Lẩu Dê 4.4,10.7392767,106.7085733
HCM_02346,Nhà Hàng Don Chicken,10.7705516,106.7044952
HCM_02347,Cà Phê Saigon,10.7732497,106.7063052
HCM_02348,Quán Beer Oneplus,10.7842458,106.7036904
HCM_02349,Nhà Hàng Đùi Cừu Thuận Tuấn,10.7923047,106.7015974
HCM_02350,Quán Nướng Bơ,10.7608066,106.7046253
HCM_02351,Nhà Hàng Cơm Nhà Homemade Meals,10.7758733,106.7034298
HCM_02352,Cà Phê Nest By AIA,10.7715546,106.7042965
HCM_02353,Lotteria,10.7390872,106.7084294
HCM_02354,Nhà Hàng Tokyo Deli,10.7734735,106.7053749
HCM_02355,Pearl Central Hotel,10.7756897,106.7049251
HCM_02356,Quán Bar Piu Piu,10.7773123,106.7041552
HCM_02357,Hotel Saigon,10.7781086,106.7061218
HCM_02358,Khách Sạn Liberty Sài Gòn,10.7379585,106.7300522
HCM_02359,Pizza 4P's - Phú Mỹ Hưng,10.7315659,106.715633
HCM_02360,Tiệm Hủ Tiếu Nhân Quán,10.7586548,106.7008465
HCM_02361,Lẩu cá đuối Hai Béo,10.7430941,106.7351789
HCM_02362,Cà Phê KA,10.7856203,106.7780757
HCM_02363,Khách Sạn Ruby River,10.7695809,106.7001775
HCM_02364,The Coffee House,10.7382968,106.7152145
HCM_02365,Cà Phê Teaspoon,10.7793691,106.702413
HCM_02366,Nhà Hàng Huo Cuo,10.7336048,106.7065132
HCM_02367,Ganesh,10.7302076,106.7078529
HCM_02368,Kadohachi,10.7293411,106.7089901
HCM_02369,Nathalie's,10.7293374,106.7087772
HCM_02370,Lotteria,10.7281091,106.708364
HCM_02371,Katinat,10.728136,106.7088279
HCM_02372,RIO Restaurant,10.7332154,106.7086786
HCM_02373,Cà Phê Người Sài Gòn,10.7785399,106.7052813
HCM_02374,The Tavern,10.7327247,106.7086924
HCM_02375,바다,10.7311345,106.7080431
HCM_02376,불막열삼,10.7311335,106.7079336
HCM_02377,Samwon,10.7325567,106.7102193
HCM_02378,O Tem,10.7304964,106.7083692
HCM_02379,Woo Mong,10.7320865,106.7087161
HCM_02380,Quán Ăn An Ký,10.7277914,106.7105143
HCM_02381,Trà Sữa Bobapop,10.772827,106.7027679
HCM_02382,Nhà Hàng Nippon Izakaya,10.7903239,106.7100816
HCM_02383,Nhà Hàng Urban Basemet - Craft Beer & Kitchen,10.7826757,106.7054387
HCM_02384,Camelia Central Saigon Hotel,10.7761911,106.7048364
HCM_02385,Nhà Hàng Poki Grill,10.7724389,106.7037699
HCM_02386,Lương Sơn Quán,10.7796141,106.7026193
HCM_02387,Quán Bar Code,10.7745161,106.7038845
HCM_02388,Cà Phê Ben House,10.7736017,106.7024387
HCM_02389,Cà Phê Masstige,10.7734285,106.702821
HCM_02390,Quán Ăn Cô Tấm,10.7719681,106.7037155
HCM_02391,Quán Bar Hoppy Juice,10.7724984,106.7045161
HCM_02392,Cà Phê Donna,10.7752521,106.7025547
HCM_02393,Kokoro,10.7977495,106.7316497
HCM_02394,Quán Bar Vesper Gourmet Lounge,10.777675,106.7068159
HCM_02395,Khách sạn The Myst Đồng Khởi,10.7747222,106.7053977
HCM_02396,"Hum Vegetarian, Lounge & Restaurant",10.7766892,106.7060794
HCM_02397,Carl's Jr.,10.7775563,106.7017777
HCM_02398,Sushi World,10.7733218,106.7021836
HCM_02399,Nước Ép Trái Cây Hurom,10.7711411,106.7032086
HCM_02400,Nhà Hàng Mandarine,10.7810609,106.7062097
HCM_02401,Things Cafe,10.7695208,106.7042939
HCM_02402,Nhà Hàng Grand Castella,10.7719432,106.7038158
HCM_02403,Nhà Hàng Zone 87,10.7732787,106.7038317
HCM_02404,Nhà Hàng Cocochin,10.7732989,106.7041107
HCM_02405,типо пивного клуба,10.7866491,106.7055841
HCM_02406,Quán Rắn Hương Phù Sa,10.7401407,106.7098338
HCM_02407,Cà Phê Khách Sạn Phước,10.7642675,106.7056283
HCM_02408,Cà Phê Quyên,10.7639921,106.7013763
HCM_02409,Nhà Hàng The Racha Room,10.7759009,106.705138
HCM_02410,Cộng Cà Phê,10.7761333,106.7054272
HCM_02411,Nhà Hàng Osaka Ramen,10.7799558,106.7038817
HCM_02412,Nhà Hàng Anan,10.7714375,106.7030422
HCM_02413,Cà Phê L’amant,10.7820278,106.7046166
HCM_02414,Cà Phê L’amant,10.7730991,106.7052231
HCM_02415,Công viên bờ sông Sài Gòn,10.7716671,106.7097359
HCM_02416,Cà Phê Võng,10.7436467,106.731585
HCM_02417,Nhà Hàng Runam Bistro,10.7734472,106.7063334
HCM_02418,Nhà Hàng Cậu Ba Quân,10.79259,106.70189
HCM_02419,Bosgaurus Coffee Roasters - Saigon Pearl,10.788657,106.7202429
HCM_02420,Cà Phê Góc,10.7557379,106.700989
HCM_02421,Nhà Hàng Gaxeo Chicken,10.7734747,106.7027802
HCM_02422,Highlands Coffee,10.78125,106.736546
HCM_02423,Cà Phê Hawaii 2,10.7807104,106.7356648
HCM_02424,Khách Sạn A&EM,10.7792577,106.7047379
HCM_02425,The Coffee Bean & Tea Leaf,10.764564,106.707167
HCM_02426,The Coffee Bean & Tea Leaf,10.771816,106.704635
HCM_02427,The Coffee Bean & Tea Leaf,10.773504,106.703873
HCM_02428,The Coffee Bean & Tea Leaf,10.777277,106.704149
HCM_02429,Quán Hủ Tiếu Nam Vang,10.7254777,106.7092096
HCM_02430,Vua Ngỗng Quay Hong Kong,10.7292807,106.7069753
HCM_02431,Nhà Hàng Miyama,10.7736479,106.7009196
HCM_02432,Nhà Hàng Nướng Phổ Đình,10.772251,106.7004683
HCM_02433,Quán Ăn Tam Kỳ,10.7388551,106.7111366
HCM_02434,Khách Sạn Nguyễn Hương,10.7976475,106.7301158
HCM_02435,Sushi world,10.7905235,106.7050922
HCM_02436,Cộng Cà Phê,10.7938819,106.7218682
HCM_02437,Cộng Cà Phê,10.7781683,106.7010262
HCM_02438,Nhà Hàng The Organic House,10.7875452,106.7027718
HCM_02439,Cơm Chay Ngọc Ý,10.7965515,106.7030517
HCM_02440,Nhà Hàng Mujo,10.796233,106.705584
HCM_02441,Cà Phê Milano 46,10.7911712,106.7116765
HCM_02442,Nhà Hàng Pasta Box,10.7910656,106.7054032
HCM_02443,Nhà Hàng Vegan Kitchen,10.7894442,106.7143059
HCM_02444,Cơm Niêu Thiên Lý,10.7318815,106.7095923
HCM_02445,Quán Ăn Tú Điệp,10.7684298,106.7006584
HCM_02446,Nhà Hàng Warda,10.7745038,106.7043696
HCM_02447,Nhà Hàng Pyra,10.7922275,106.717526
HCM_02448,YÊN Living Binh Thanh,10.7973141,106.7082817
HCM_02449,Starbucks,10.7719408,106.7047134
HCM_02450,Khách Sạn Sophia,10.7802793,106.7036344
HCM_02451,Sup Cua Hanh,10.7678228,106.7003836
HCM_02452,Highlands Coffee,10.7944399,106.721713
HCM_02453,Nhà Hàng Ý Capricciosa,10.7947358,106.7212314
HCM_02454,Nhà Hàng MK,10.7951159,106.7219333
HCM_02455,Nhà Hàng Nhật Kohaku,10.794757,106.7217936
HCM_02456,Lotteria,10.7950206,106.7215416
HCM_02457,Cà Phê Runam Boutique,10.794992,106.7213306
HCM_02458,Quán Bụi,10.7791849,106.7022879
HCM_02459,Quán Cơm Chay Thanh Trai,10.7784299,106.7640732
HCM_02460,Nhà Hàng Poke Saigon,10.7772881,106.7000639
HCM_02461,Nhà Hàng Secret Cottage Café Dining,10.7752236,106.7033247
HCM_02462,Cà Phê Ngọt,10.7563833,106.7032344
HCM_02463,Quán Bar Ballers,10.7977534,106.7081355
HCM_02464,Cà Phê An,10.7646794,106.7058473
HCM_02465,Cà Phê HMY,10.7923981,106.7061022
HCM_02466,Cà Phê Su Su,10.7922653,106.706285
HCM_02467,Nhà Hàng Gánh,10.7772353,106.7042485
HCM_02468,Khách Sạn May May,10.7801485,106.7057753
HCM_02469,Cà Phê Master’s Cup,10.7211787,106.714292
HCM_02470,Trung Nguyên Coffee,10.7736119,106.7000454
HCM_02471,Highlands Coffee,10.783607,106.7012693
HCM_02472,Cà Phê Koi Thé,10.7732455,106.7016973
HCM_02473,Tea Time Express,10.787423,106.700932
HCM_02474,Cà Phê The Plus,10.7675515,106.7041873
HCM_02475,Katinat,10.7711456,106.7025259
HCM_02476,Quán Bar The First,10.7734607,106.7034289
HCM_02477,Katinat,10.7679505,106.7007311
HCM_02478,茶sis Teahouse,10.7682397,106.7007618
HCM_02479,Cà Phê Share Tea,10.7736759,106.7036585
HCM_02480,Quán Bụi,10.7852403,106.702824
HCM_02481,KFC,10.755651,106.7059479
HCM_02482,Nhà Khách QMQ,10.7669309,106.7009128
HCM_02483,Nhà Hàng Tiệc Cưới Minh Anh,10.7739075,106.7701975
HCM_02484,Nhà Hàng RIO,10.7797521,106.7041192
HCM_02485,Cà Phê The Central,10.7745417,106.7027372
HCM_02486,Nhà Hàng Shamoji,10.7745701,106.7026895
HCM_02487,Khách Sạn Anh Duy,10.7692252,106.7025594
HCM_02488,Bánh Canh Hẹ Chả Cá Phú Yên Út Quyên,10.7517583,106.708285
HCM_02489,Bánh Cuốn Thanh Trì Phương,10.7823573,106.7039723
HCM_02490,Cô Ba Quán,10.7943375,106.7096827
HCM_02491,Phở 24,10.7779136,106.7019753
HCM_02492,Nhà Hàng Le Corto,10.7778906,106.7046314
HCM_02493,Quán Nước Năm Hào,10.7913037,106.7112274
HCM_02494,Lươn Đồng Xứ Nghệ,10.7300369,106.7100951
HCM_02495,Cà Phê Ribi,10.7468303,106.7157948
HCM_02496,Cà Phê The Coffee Tea,10.7410256,106.7159611
HCM_02497,Cà Phê Mạnh,10.7438743,106.7159584
HCM_02498,Highlands Coffee,10.7414776,106.7157948
HCM_02499,Cà Phê Du Mục,10.7435805,106.7157908
HCM_02500,Cà Phê Richy,10.7439929,106.7137764
HCM_02501,Cà Phê Yo Yo Yo,10.7513186,106.7095546
HCM_02502,Cà Phê Steven,10.7480366,106.7102024
HCM_02503,Cà Phê Tươi Ngọc,10.7443177,106.7139689
HCM_02504,Nhà Hàng Sushi Ko,10.7608436,106.704794
HCM_02505,Cà Phê Acoustic,10.7399926,106.7098001
HCM_02506,Cà Phê Sala,10.7438084,106.7041245
HCM_02507,Quán Cơm 98,10.7494016,106.7048936
HCM_02508,Quán Nhà,10.7668609,106.7010004
HCM_02509,Nhà Hàng Fruicy,10.7908725,106.719173
HCM_02510,Nhà Hàng Mai Xuân Canh,10.779395,106.7005031
HCM_02511,Cà Phê Mùa Hè,10.7789735,106.7023243
HCM_02512,Bánh Cuốn Hồng Hạnh,10.7854466,106.7003797
HCM_02513,Nhà Hàng Here & Now,10.7898332,106.7109547
HCM_02514,Phở Chùa Lạng Sơn,10.7427473,106.7041679
HCM_02515,Shamoji Robata Yaki,10.7240083,106.7089121
HCM_02516,Tiệm Mì Hữu Ký,10.7923214,106.7089215
HCM_02517,Lương Ký Mì Gia,10.7918935,106.7089558
HCM_02518,Hủ Tiếu Mì Hỷ Hào,10.7632196,106.7002338
HCM_02519,Quán Bún Mắm 144,10.7574411,106.7002611
HCM_02520,King BBQ Buffet,10.7725419,106.7036929
HCM_02521,Firkin Bar,10.7759488,106.7051991
HCM_02522,Sen Nhà hàng chay,10.7690855,106.7000419
HCM_02523,Quán Bar Manosu,10.7889976,106.7018455
HCM_02524,Cà Phê Share Tea,10.7732755,106.7016718
HCM_02525,Nhà Hàng Bum Cha,10.7900228,106.7011029
HCM_02526,Malt Saigon Bar,10.7754752,106.7048206
HCM_02527,Quán Cơm 123,10.7946714,106.7526081
HCM_02528,Quán Bar Resto,10.7726755,106.7023193
HCM_02529,Nhà Hàng Downtown Steakhouse,10.7740005,106.7042278
HCM_02530,Nhà Hàng 48 Bistro,10.7282553,106.7183252
HCM_02531,Pepper Lunch,10.7780355,106.7017976
HCM_02532,Nhà Hàng Funny Beef,10.7741495,106.7042153
HCM_02533,Bún Chả Hồ Gươm,10.7724791,106.7039146
HCM_02534,Quán Bar VooDoo,10.7734573,106.7019417
HCM_02535,Nhà Hàng Union Jack's Fish & Chips,10.7730705,106.7025314
HCM_02536,Quán Bar Phatty’s Sports,10.7735512,106.7022844
HCM_02537,Cà Phê Boo,10.7740557,106.7041347
HCM_02538,Khách Sạn Đông Du,10.7768621,106.7051283
HCM_02539,Cà Phê Live Jazz,10.7743567,106.7006343
HCM_02540,Highlands Coffee,10.7871519,106.7120719
HCM_02541,Căn tin,10.7820571,106.7037068
HCM_02542,Quán Cơm Halal,10.7699602,106.7014537
HCM_02543,Quán Cơm Gà Hải Nam,10.7700564,106.7004318
HCM_02544,Nhà Hàng Đồng Nhân,10.7734311,106.7026178
HCM_02545,Phúc Long - Huỳnh Thúc Kháng,10.7730412,106.7025775
HCM_02546,Nhà Hàng Kyu Shige,10.7731525,106.7022993
HCM_02547,Cà Phê Royaltea,10.7752924,106.7028656
HCM_02548,Nhà Hàng IPPUDO,10.7797911,106.7038529
HCM_02549,Nhà Hàng Shang Palace,10.7807397,106.7038268
HCM_02550,Nhà Hàng Zen,10.7814234,106.705009
HCM_02551,Tous les Jours,10.7819458,106.7056668
HCM_02552,Nhà Hàng Katsu,10.7821981,106.7059216
HCM_02553,Nhà Hàng Bishin,10.7823364,106.7058901
HCM_02554,Nhà Hàng Riêu Cá Chép,10.782478,106.705707
HCM_02555,Cà Phê Mộc Quán,10.7566475,106.7027713
HCM_02556,Cà Phê Trứng Nàng K,10.7528541,106.7197472
HCM_02557,Quán Ăn Cô Tư,10.7647004,106.7059021
HCM_02558,Highlands Coffee,10.7704618,106.7239648
HCM_02559,Sushi Gõ,10.7893608,106.7095502
HCM_02560,QA-Út Hiên -Lý Thái Tổ-Ấp Cát Lái- Đại Phước-,10.7525473,106.7940511
HCM_02561,Cộng Cà Phê,10.7290473,106.7185546
HCM_02562,Nhà Hàng The 7P,10.7851277,106.7010816
HCM_02563,Nhà Hàng Green Foods,10.7114353,106.7077717
HCM_02564,Nhà Hàng Chuck's Burgers PVC,10.790156,106.7105063
HCM_02565,Cà Phê Rino Aquarium,10.7490431,106.7055903
HCM_02566,Starbucks,10.7950745,106.7222173
HCM_02567,Nhà Hàng Bornga,10.7947,106.7216165
HCM_02568,The Coffee House,10.793213,106.7225153
HCM_02569,Quán Cơm Tấm Cali,10.7938955,106.7212617
HCM_02570,Highlands Coffee,10.7907696,106.7224533
HCM_02571,Nhà Hàng Don Chicken,10.7915425,106.7222286
HCM_02572,Bún Đậu 3 Nàng,10.7419361,106.7099978
HCM_02573,Khách Sạn Hải Vân,10.7409435,106.7050279
HCM_02574,Cà Phê Hochi,10.7243189,106.727617
HCM_02575,Nhà Hàng Bếp Bắc,10.7290809,106.7251041
HCM_02576,Cà Phê Thanh,10.7729237,106.7052196
HCM_02577,Coffee Time,10.7003505,106.7334262
HCM_02578,Nhà Hàng Diệu Hạnh,10.7669719,106.7258121
HCM_02579,Khách Sạn Wink,10.7911345,106.7003425
HCM_02580,Nhà Hàng Xẻng - Mồi & Bia,10.7904912,106.701245
HCM_02581,Nhà Hàng Ốc Loan,10.7611764,106.7026939
HCM_02582,Quán Ốc Vũ,10.7614355,106.7026723
HCM_02583,Quán Nhớ Tuyết,10.7665673,106.7008501
HCM_02584,Nhà Hàng Qui Cuisine Mixology,10.7806505,106.7046277
HCM_02585,Cửa Hàng Conservo Japanese Bakery Cafe,10.7818414,106.7048071
HCM_02586,Nhà Hàng Làm Tí..! - BBQ & Beer,10.799314,106.7231619
HCM_02587,Quán Ốc Khánh,10.7878273,106.7038536
HCM_02588,Nhà Hàng Baozi,10.7719222,106.7036619
HCM_02589,Quán Bar Commas,10.7699027,106.7013877
HCM_02590,Trạm Xe Bus Khách Sạn Liberty 2,10.7709142,106.7002657
HCM_02591,Khách Sạn The Odys Boutique,10.7696637,106.7001165
HCM_02592,Nhà hàng Maison de Charme,10.7468774,106.7011838
HCM_02593,Nhà Hàng Hương Lúa 8,10.7446631,106.7013895
HCM_02594,Highlands Coffee,10.7938444,106.7179615
HCM_02595,Ucc Coffee Roastery - Nguyễn Hữu Cảnh,10.7910319,106.7194114
HCM_02596,Starbucks,10.7902471,106.7201964
HCM_02597,Quán Bar Birdy,10.7901027,106.7118857
HCM_02598,The Rabbit Hole Irish Sports Bar,10.7900544,106.7124155
HCM_02599,Highlands Coffee,10.790559,106.7188108
HCM_02600,Trung tâm mua sắm Sài Gòn Garden,10.7733608,106.7038659
HCM_02601,The Running Bean Hồ Tùng Mậu,10.7728101,106.7032534
HCM_02602,Sushi Hokkaido Sachi - Đông Du,10.7764843,106.704855
HCM_02603,Atmos Club,10.7734081,106.7022712
HCM_02604,Godmother Bake & Brunch,10.7734268,106.7061646
HCM_02605,Nhà Hàng Dim Tu Tac,10.7755305,106.7043576
HCM_02606,The Running Bean - Mạc Thị Bưởi,10.7752612,106.7048694
HCM_02607,Xu Bar - Hai Bà Trưng,10.7769526,106.7044774
HCM_02608,Lạc Thái Restaurant,10.7745358,106.7045405
HCM_02609,Khách Sạn M Sài Gòn,10.7733584,106.7018286
HCM_02610,Katinat - Đồng Khởi,10.7746804,106.7043718
HCM_02611,Kyung Bok Gung Korean Restaurant,10.7771854,106.7045606
HCM_02612,Starbucks Coffee - Riverpark,10.7251605,106.7081926
HCM_02613,Starbucks,10.777457,106.7556497
HCM_02614,Highlands Coffee,10.732,106.7289173
HCM_02615,Khu du lịch Văn Thánh,10.7982863,106.7156297
HCM_02616,Phuc Long - Sky Garden,10.7324066,106.7065335
HCM_02617,Cửa hàng Bánh Aceline Bakery,10.7335462,106.7065274
HCM_02618,Starbucks,10.7297387,106.7039124
HCM_02619,Bảo Vật,10.7300388,106.7066065
HCM_02620,Khách sạn Grand Sài Gòn,10.7741702,106.7053896
HCM_02621,Jumbo Seafood,10.7734792,106.7060951
HCM_02622,The Long @ Times Square,10.7737956,106.7045987
HCM_02623,Khách Sạn The Reverie Sài Gòn,10.7733278,106.705039
HCM_02624,Starbucks,10.773341,106.703915
HCM_02625,TukTuk Thai Bistro,10.7775128,106.7003806
HCM_02626,Quán dê Đồng Cỏ,10.7869989,106.7266449
HCM_02627,Lẩu dê SOS,10.7867383,106.7284183
HCM_02628,Quán Bia Sệt,10.7448271,106.7014673
HCM_02629,Hàng Dương Quán,10.7355599,106.7060968
HCM_02630,Khách Sạn Bông Sen Sài Gòn,10.7751171,106.7038852
HCM_02631,Chaos Lounge,10.7757138,106.7032584
HCM_02632,Gyu Shige Ngưu Phồn - Hồ Tùng Mậu,10.7732946,106.7029288
HCM_02633,Starbucks Coffee -  Chung Cư Hưng Phúc,10.717551,106.7283425
HCM_02634,Malt South Coffee,10.7217985,106.7264915
HCM_02635,Vincom Plus Nam Long Quận 7,10.743815,106.7325841
HCM_02636,Thiên Sơn Plaza,10.7318839,106.7191567
HCM_02637,Vincom Quận 2,10.7882994,106.7657527
HCM_02638,Bún Cá Kiên Giang Hủ Tiếu Nam Vang,10.737376,106.7030139
HCM_02639,Katinat Nguyễn Thị Thập,10.7398853,106.7031373
HCM_02640,El Gaucho | Saigon Pearl,10.7899674,106.7179119
HCM_02641,Pho 24,10.7891986,106.7174195
HCM_02642,Cà Phê Chateraise Lê Thánh Tôn,10.77908,106.7035922
HCM_02643,Gartenstadt Restaurant,10.774512,106.704844
HCM_02644,lương cay,10.7403775,106.7076837
HCM_02645,Half Past Six,10.7293421,106.709627
HCM_02646,Vuông- Coffee & Booze,10.7921954,106.7128449
HCM_02647,Kyoko Ono Cox Biography,10.7910454,106.7193286
HCM_02648,What is NSF SBE,10.7992596,106.750697
HCM_02649,ICON Saigon - LifeStyle Design Hotel,10.7769449,106.7045389
HCM_02650,Ănăn Saigon,10.7718032,106.7029748
HCM_02651,Nhà Hàng Bornga,10.795037,106.7194332
HCM_02652,Quê nhà,10.7915276,106.7302403
HCM_02653,King Food,10.7937153,106.7217833
HCM_02654,Thuy Huong Homestay,10.7671521,106.7006496
HCM_02655,Gió,10.7882025,106.7089329
HCM_02656,Saigon Cafe,10.7867196,106.7111343
HCM_02657,Okkio,10.7757723,106.7032334
HCM_02658,Le Comptoir,10.7742088,106.7058054
HCM_02659,Quan nem,10.7858018,106.7009098
HCM_02660,Bon's vegan,10.7707914,106.7003549
HCM_02661,JUICETIN,10.780694,106.707006
HCM_02662,Highlands Coffee,10.7301307,106.7223018
HCM_02663,Quán ăn/ caffe,10.7728199,106.7252577
HCM_02664,Quán ăn/ cafe she,10.7726266,106.7255556
HCM_02665,Trung Nguyên Coffee,10.7213958,106.7032237
HCM_02666,Bánh cuốn Gạo,10.7222463,106.7040534
HCM_02667,Em Là Nem,10.7221433,106.7040654
HCM_02668,Easy Life Milk Tea,10.7228983,106.7039823
HCM_02669,Kimbap Brothers,10.7232568,106.7039089
HCM_02670,Street fruit,10.7234804,106.7038764
HCM_02671,Highlands Coffee,10.7095075,106.7099009
HCM_02672,Highlands Coffee,10.7103225,106.7087338
HCM_02673,McDonald's,10.7296017,106.7036487
HCM_02674,Marugame Udon,10.7295927,106.7025124
HCM_02675,Nhà Của Mèo,10.7859053,106.7047625
HCM_02676,Highlands Coffee,10.778199,106.7132184
HCM_02677,C.Tao Chinese Restaurant,10.7791876,106.7133246
HCM_02678,Starbucks Crescent Trip,10.7280357,106.7187213
HCM_02679,Dairy Queen,10.7292045,106.7186396
HCM_02680,Highlands Coffee,10.7281874,106.7182205
HCM_02681,Pasta Danza Cafe,10.7687232,106.7012824
HCM_02682,Highlands Coffee,10.7666718,106.7040962
HCM_02683,Starbucks,10.7668418,106.7040273
HCM_02684,Vo roof,10.7721804,106.7027227
HCM_02685,McDonald's,10.7310187,106.7237816
HCM_02686,Starbucks,10.730743,106.7246856
HCM_02687,M,10.7963018,106.71852
HCM_02688,Bà,10.7964862,106.7184127
HCM_02689,Mixue,10.7930786,106.7106341
HCM_02690,RoLu Cookies & Cakes,10.7225348,106.7104308
HCM_02691,Gióng,10.7793468,106.7004214
HCM_02692,Trứng - Cafe & Dessert,10.7958025,106.7056011
HCM_02693,Highlands Coffee,10.7586373,106.7466068
HCM_02694,Starbucks,10.7746116,106.706044
HCM_02695,Phuc Long,10.7733575,106.705484
HCM_02696,Dynasty House,10.7737014,106.7058682
HCM_02697,Hana - Sinh Tố - Nước Ép,10.7608212,106.7011591
HCM_02698,CNature Coffee & Spa,10.7925756,106.7718019
HCM_02699,Détour,10.7274904,106.7103102
HCM_02700,Si Cafe,10.727468,106.7099326
HCM_02701,Cô Ba Vũng Tàu,10.7274573,106.7095431
HCM_02702,Mì lạnh Yoo Chun,10.7282651,106.710125
HCM_02703,Bar29,10.7734568,106.7056775
HCM_02704,Yukdaejang,10.7241458,106.7088935
HCM_02705,Kohi Coffee,10.7239838,106.7089278
HCM_02706,Văn minh cà phê,10.7751982,106.7040925
HCM_02707,Signature by M Village,10.7806029,106.704316
HCM_02708,D'Nyonya,10.7764578,106.7049642
HCM_02709,Ravie Cafe Boutique,10.7218907,106.7131977
HCM_02710,Mì Danbo Ramen,10.7797429,106.7049066
HCM_02711,Azumaya Hotel Thái Văn Lung1,10.7794999,106.7045205
HCM_02712,ICHIBANYA,10.7799782,106.704803
HCM_02713,麺屋ふた葉,10.7798863,106.7049238
HCM_02714,岐阜屋,10.7798073,106.7050147
HCM_02715,Miu Bar,10.7795866,106.705277
HCM_02716,KOME,10.7796159,106.7052237
HCM_02717,割烹多ま,10.7794935,106.7052172
HCM_02718,Torasan,10.7794442,106.7048775
HCM_02719,Bún Chả Hà Nội 26,10.7791805,106.7051631
HCM_02720,sorimmara,10.7797644,106.7041842
HCM_02721,IDOL BAR,10.7799399,106.7055718
HCM_02722,BAR SAKU,10.7799944,106.705489
HCM_02723,Sora Screen Golf & Bar,10.7798547,106.7055244
HCM_02724,諭吉ラーメン,10.7798854,106.7056858
HCM_02725,ROSES,10.7797763,106.7055567
HCM_02726,Umi Bar,10.7797575,106.7054426
HCM_02727,燕ちゃん,10.7798328,106.7053568
HCM_02728,hà Hàng Tori Soba Mutahiro,10.7793342,106.7054839
HCM_02729,とり皮みつますホーチミン,10.7793412,106.7053498
HCM_02730,Gamagol,10.779387,106.7046164
HCM_02731,Korea Karaoke vitamin,10.7793031,106.7044624
HCM_02732,Góc Nhật Bản,10.7800735,106.7044599
HCM_02733,Sarang,10.7327885,106.7091598
HCM_02734,Pallet House,10.7363783,106.7072975
HCM_02735,Bia Góc,10.7368204,106.7078392
HCM_02736,Bia Góc,10.7366265,106.7088936
HCM_02737,The Log Restaurant,10.7900066,106.7023183
HCM_02738,The Log Restaurant,10.7898708,106.702575
HCM_02739,Bún chả Hà Nội Minh Nga,10.7354515,106.7183717
HCM_02740,Phở Thìn By SOL - Q4,10.7653742,106.7049428
HCM_02741,Linh.kitchen,10.7648051,106.7040088
HCM_02742,The River Oriental,10.7832461,106.7194822
HCM_02743,Lau Tu Chon Hong Kong,10.7393725,106.7055365
HCM_02744,Bún thịt nướng cô Lan,10.7915744,106.7099576
HCM_02745,Amigo Grill - Farewell dinner,10.7729783,106.7045114
HCM_02746,Căn Tin 37,10.7793435,106.7023879
HCM_02747,Banh mi que,10.7890002,106.7037161
HCM_02748,Chillta,10.7890748,106.7004193
HCM_02749,CAFECUB,10.7562392,106.7021606
HCM_02750,Bánh Canh Cá Lóc Bột Gạo,10.7883847,106.7521007
HCM_02751,Quán Ăn Thanh Tùng,10.7884003,106.7521918
HCM_02752,Bún Thịt Nướng Hân Hân,10.7884122,106.7522516
HCM_02753,Tạp Hóa Nước Mía Thanh Trúc,10.7884789,106.7527139
HCM_02754,Cafe Sông Giồng,10.7885811,106.7531663
HCM_02755,Quán Mì Quảng Xa Quê,10.7887709,106.7531394
HCM_02756,Bún Riêu Canh Bún 303 Thân Văn Nhiếp,10.7888389,106.7531693
HCM_02757,Cơm Chay Thuận Thiên,10.7889878,106.7531903
HCM_02758,Buffet Chay Lẩu Alacarte Bảo Anh,10.789023,106.7531855
HCM_02759,Quán Nhậu Sông Giồng Quán,10.7891024,106.753196
HCM_02760,Bò Bít Tết Cô Khuê,10.7891951,106.753248
HCM_02761,Cafe Cô Khuê,10.7891888,106.753231
HCM_02762,Bánh Xèo Cô Ba Miền Tây,10.7892476,106.7532788
HCM_02763,Bánh Canh Cá Lóc Bún Riêu Cô Ba Miền Tây,10.7892886,106.7532915
HCM_02764,Nhà Hàng Chay Bồ Đề Tịnh Tâm,10.7895514,106.7534851
HCM_02765,Cafe My,10.7896987,106.7535611
HCM_02766,Quán Cơm Gà Cô Chín,10.7900222,106.7538458
HCM_02767,Sushi Hokkaido Sachi - Crescent mall,10.7281671,106.7180317
HCM_02768,Hashtag Cafe,10.7748476,106.7501502
HCM_02769,Nam Sơn Coffee,10.7339494,106.7102979
HCM_02770,Parc Spring,10.7912739,106.7714492
HCM_02771,139 Coffee & Tea,10.7707988,106.7001322
HCM_02772,Frying Fish Club Vietnam,10.7966953,106.7190698
HCM_02773,Mang's Mania Vegan Restaurant,10.7751819,106.7027648
HCM_02774,Con soc Caffee,10.7881476,106.703977
HCM_02775,Cosmic Cafe,10.7723124,106.722813
HCM_02776,Starbucks,10.7722284,106.72251
HCM_02777,Highlands Coffee,10.7707859,106.7004642
HCM_02778,BẾP CÔ 8,10.795313,106.7441514
HCM_02779,The Bunny,10.7757731,106.7507657
HCM_02780,Bánh Mì A Qùynh,10.7764241,106.7514842
HCM_02781,Chè Sim,10.775883,106.7508499
HCM_02782,Đảo Kim Cương,10.7765218,106.7515941
HCM_02783,King Coffee,10.7760356,106.7510681
HCM_02784,Miến Phở Gà,10.7762185,106.7512601
HCM_02785,Qúan Chay Cở May,10.7849464,106.7560323
HCM_02786,Dangdo Cafe,10.7758337,106.75043
HCM_02787,Cafio Coffee & Ice Cream,10.7991455,106.7337222
HCM_02788,Ốc Lá,10.7743745,106.7509972
HCM_02789,Bin Bin 11,10.7749988,106.7513416
HCM_02790,La Cà 2,10.7747255,106.7510401
HCM_02791,Cielito Lindo,10.7741114,106.7516185
HCM_02792,Pasta Fresca,10.7756951,106.7506675
HCM_02793,Qúan Bún Cô Mai,10.7755867,106.7505868
HCM_02794,Hà Tôm Hùm,10.7752164,106.7502585
HCM_02795,Nhà Rang Cà Phê,10.7754066,106.7514451
HCM_02796,Lê Thị Cafe,10.7767761,106.7518687
HCM_02797,Dê Ngon 39,10.7744416,106.7514844
HCM_02798,Domino's,10.7559749,106.7011588
HCM_02799,NOIRE Cafe & Bistro The Mett - Metropole,10.7783755,106.7139718
HCM_02800,Maktub Eatery & homebar,10.7468708,106.7928574
HCM_02801,Ẩm Thực Chay,10.7801263,106.7037071
HCM_02802,Agave - Mexican Bistro,10.7693499,106.7030191
HCM_02803,Hom Nay Cafe,10.7692839,106.7010267
HCM_02804,Loop Coffee,10.7691711,106.7030796
HCM_02805,Metta Vegetarian,10.7977242,106.7415993
HCM_02806,Mai Coffee,10.7795723,106.7517937
HCM_02807,Sushi Bon,10.7773861,106.7521892
HCM_02808,Two Guys,10.7835196,106.752298
HCM_02809,BBQ Ông Mập,10.7792552,106.7526661
HCM_02810,Hương Thơm,10.7832474,106.751971
HCM_02811,Degagé Bread and Cafe,10.777181,106.751924
HCM_02812,Phở Sơn,10.7788486,106.7530248
HCM_02813,Thiên Nhiên,10.7828693,106.7515473
HCM_02814,Bin Bin Hotel,10.7788397,106.7526733
HCM_02815,Zen Coffee & Foods,10.7829832,106.7516817
HCM_02816,Trung Bún,10.7796822,106.7522239
HCM_02817,Tavolo Dello Chef,10.7834224,106.7522034
HCM_02818,H & H Hotel,10.7825652,106.753371
HCM_02819,Chủy Mộc,10.782749,106.7531708
HCM_02820,Trung Nguyen E-Coffee,10.7831296,106.7518255
HCM_02821,Coffee Phi,10.7836195,106.7524184
HCM_02822,The Green Coffee,10.7819365,106.7498938
HCM_02823,ABC Hotel,10.7823715,106.7535094
HCM_02824,Bạn & Tôi,10.779088,106.7515069
HCM_02825,Ốc Bơ,10.7798211,106.7523185
HCM_02826,Phuc Long,10.7778793,106.7471476
HCM_02827,Qúan Hủ Tíu,10.7753287,106.7504144
HCM_02828,Diamond Island Yacht Club,10.7798348,106.7466791
HCM_02829,Haly Coffee,10.7782478,106.7510493
HCM_02830,Ấm Vegetarian,10.777571,106.7514876
HCM_02831,Lẩu Cá Keò,10.7730079,106.755549
HCM_02832,Ha Noi Coffee,10.776099,106.7513831
HCM_02833,Cành Đồng,10.7732562,106.7538472
HCM_02834,Swan Hotel,10.7733073,106.7568308
HCM_02835,Lẩu Chay Nhà Gỗ,10.7830855,106.7649712
HCM_02836,1971's,10.772611,106.7600534
HCM_02837,Phở Hạnh 65 Lãn Ông,10.7774864,106.7542854
HCM_02838,Tartine,10.7774919,106.7575808
HCM_02839,Cơm Tấm,10.7780199,106.7538135
HCM_02840,An Vegetarian,10.7276042,106.7124529
HCM_02841,Amavi Kom & Vegan,10.7334461,106.7093169
HCM_02842,Đóa Sen Vàng,10.7246737,106.7093819
HCM_02843,Flatto,10.7243567,106.7096936
HCM_02844,The Pizza Company,10.7262263,106.7087537
HCM_02845,Starbucks,10.7281893,106.7120543
HCM_02846,Keng Keng Beer,10.7105318,106.7373639
HCM_02847,Bún Bò,10.7790802,106.7563284
HCM_02848,Cơm Văn Phòng,10.7791496,106.7541626
HCM_02849,Bún Đậu Ngõ Làng,10.7778944,106.7527088
HCM_02850,Sport Coffee,10.7780496,106.7549816
HCM_02851,Phở Vụ,10.7780862,106.753731
HCM_02852,Sáu Nguyệt Qúan,10.7778886,106.7539623
HCM_02853,S'Mores Saigon Caffé,10.7778279,106.7547452
HCM_02854,Cơm Niêu Thiên Lý,10.777729,106.7525616
HCM_02855,Bồ Đề Tịnh Tâm,10.7920314,106.7302772
HCM_02856,Phúc Gia,10.7811599,106.7407608
HCM_02857,Bồ Đề Chay,10.7861825,106.7645933
HCM_02858,Ẩm Thực Chay,10.7856744,106.7648427
HCM_02859,Tuệ Đạt,10.7836338,106.7464363
HCM_02860,Cafe Văn Khoa,10.7859381,106.7028933
HCM_02861,Kaffee Klatsch,10.7820009,106.7005579
HCM_02862,Căn Tin Berlin,10.7815505,106.7007624
HCM_02863,Highlands Coffee,10.782496,106.7009967
HCM_02864,Kohi Coffee,10.7835099,106.7012037
HCM_02865,Ommi Vegetarian,10.7995121,106.7442103
HCM_02866,Diệu Thiện,10.7905069,106.7408438
HCM_02867,Yen Sushi and Sake Pub,10.7835349,106.7010172
HCM_02868,Gà Ta,10.7828737,106.7020511
HCM_02869,Lim Veggie Bistro,10.7811487,106.706086
HCM_02870,Starbucks,10.7769817,106.7102479
HCM_02871,L'Entrecôte,10.7753856,106.7041456
HCM_02872,O Plant Based,10.7713047,106.7029679
HCM_02873,Tự Do,10.786125,106.7019219
HCM_02874,Ippudo,10.7801872,106.7044591
HCM_02875,GIFUYA Japanese Izakaya Restaurant,10.7798254,106.704975
HCM_02876,AKUNA Restaurant,10.7797574,106.7073433
HCM_02877,Memento Saigon Speakeasy,10.7694919,106.7042178
HCM_02878,PHỞ SOL - Q1 (Phở & Các Món Ngon Từ Phở) Phở Thìn - By SOL,10.7717143,106.7050647
HCM_02879,Thiện Quang 2,10.7839727,106.7054068
HCM_02880,Hikari,10.7842586,106.7056833
HCM_02881,Tiệm Bia Gà,10.7901555,106.7102645
HCM_02882,The Meeting Place,10.7904871,106.7111196
HCM_02883,Bột Chiên Thị Nghè,10.7915073,106.7099994
HCM_02884,Há Cảo 45,10.7936944,106.7094807
HCM_02885,Hợp,10.7962397,106.7071763
HCM_02886,Cơm Sinh Viên,10.7958447,106.7070856
HCM_02887,Muteki,10.7900879,106.7120262
HCM_02888,Liên Tỏa,10.7850672,106.7004867
HCM_02889,Mamoru,10.7922056,106.7016222
HCM_02890,GBomb Cuisine,10.7888591,106.7152234
HCM_02891,The Coffee House,10.758729,106.7005406
HCM_02892,Bánh Mì 362,10.7269011,106.708847
HCM_02893,Bon’s Vegan Bistro,10.7703408,106.7020296
HCM_02894,À La Main,10.7252921,106.7098322
HCM_02895,전주옥,10.7329873,106.7072123
HCM_02896,Nhà Phan - Cafe & Bánh Mì,10.7314663,106.7100508
HCM_02897,Wau Burger,10.7306965,106.7065862
HCM_02898,Beo Oi! - Mon Ngon Ha Noi,10.7852678,106.7011105
HCM_02899,Bún Cá Châu Đốc (pho bo bistro),10.7918161,106.7048664
HCM_02900,hailanh.mtch - Matcha & More,10.7434281,106.7134502
HCM_02901,Sukiya,10.7797798,106.704174
HCM_02902,Kom,10.7912165,106.7021558
HCM_02903,Vua cafe sach,10.79204,106.7042806
HCM_02904,Everything 25k,10.7947277,106.7057131
HCM_02905,Be An Bistro,10.7733669,106.7038328
HCM_02906,Fingerprint Chay,10.7914564,106.7049406
HCM_02907,CCollective,10.797422,106.7299071
HCM_02908,Star Anise Saigon,10.7700574,106.7005236
HCM_02909,Hotel Indigo Saigon The City,10.7823526,106.7052238
HCM_02910,Walya Coffee,10.7473634,106.7227913
HCM_02911,Agra Mahal,10.7327754,106.7088313
HCM_02912,Bún Bò Huế Ánh Sen,10.7302924,106.7068667
HCM_02913,Sumatra Coffee,10.7311942,106.7100658
HCM_02914,Quan Bui,10.7808839,106.7063054
HCM_02915,Madison,10.7783293,106.7042766
HCM_02916,Tartine,10.7162097,106.7300476
HCM_02917,Wings,10.7906569,106.7122019
HCM_02918,蕎麦処　美桜,10.7891497,106.7087594
HCM_02919,Nhà Hàng Sushi Chay Tojy,10.7493822,106.7050557
HCM_02920,Lươn Đồng Xứ Nghệ,10.7944993,106.7412373
HCM_02921,Hải Phòng Quán,10.7945924,106.741244
HCM_02922,Banh Mi Grandma Lu's,10.7800565,106.7038072
HCM_02923,Kashew Cheese,10.7209365,106.7272083
HCM_02924,Dolphy Café,10.7280924,106.7069926
HCM_02925,Santorini Coffee & Veggies,10.7886024,106.7089484
HCM_02926,Broma Not A Bar,10.7726974,106.7046423
HCM_02927,Hato Hotel,10.7722106,106.7027278
HCM_02928,Tam Caphe,10.7785281,106.7029446
HCM_02929,Eddie's New York Deli & Diner,10.7751007,106.7006098
HCM_02930,Chay 365,10.7504379,106.7359778
HCM_02931,Công viên Đống Đa,10.7758758,106.7017186
HCM_02932,Morico,10.7743273,106.700606
HCM_02933,KunKin Garden Aparthotel,10.7906887,106.7156545
HCM_02934,Bún Đậu Homemade,10.7329123,106.7066181
HCM_02935,Po Café,10.7741964,106.7042408
HCM_02936,Curry-licious,10.776982,106.7038982
HCM_02937,MAD ROOSTA,10.7772663,106.7042149
HCM_02938,Nhà Hàng Thuần Chay Nhất Tâm,10.7602288,106.7018137
HCM_02939,Fein Kafe,10.7586282,106.7000053
HCM_02940,Hoa Tây Nguyên,10.7911503,106.7017976
HCM_02941,D-Rave Club SGN,10.7704432,106.7053184
HCM_02942,Luu Bar,10.7900546,106.7121723
HCM_02943,21 Grams Chay,10.7740948,106.7042586
HCM_02944,Tuệ Marina Chay,10.7815956,106.7080781
HCM_02945,Sova Café Ho Chi Minh,10.7722561,106.7027258
HCM_02946,Drinking & Healing,10.7705861,106.7044475
HCM_02947,Nhà Hàng Chay Diệu Hạnh,10.778921,106.7136439
HCM_02948,Quan Tea,10.7673324,106.7124566
HCM_02949,O Hạnh beef noodle,10.7468863,106.7101619
HCM_02950,Bánh Mì 602,10.7982519,106.71771
HCM_02951,2PM Coffee,10.7972259,106.7179776
HCM_02952,Quán Chay Thanh Lạc,10.7633733,106.7076661
HCM_02953,Nhà Mấy Dì,10.7955025,106.7100983
HCM_02954,Newdays Japanese Matcha Cafe Ung Văn Khiêm,10.7999587,106.7227082
HCM_02955,Bề Bề Nội - Hương Vị Hà Nội Xưa,10.7748387,106.7003476
HCM_02956,Nhà Hàng Chay Sesame,10.7732977,106.7019193
HCM_02957,Nhà Hàng Chay Tịnh Liên Vàng,10.723561,106.7277434
HCM_02958,Highlands Coffee,10.7990813,106.7520827
HCM_02959,TL Juice,10.7953034,106.70701
HCM_02960,Passio Coffee,10.7933901,106.7024995
HCM_02961,Gia Hùng,10.7941947,106.7039132
HCM_02962,Kim Ngân,10.7942677,106.7039474
HCM_02963,Bún Bò Huế Quyên,10.795497,106.7070618
HCM_02964,Milano,10.7931417,106.7035592
HCM_02965,Bò Né,10.7933441,106.7029022
HCM_02966,Nhà Hàng Chay Nấm Thiên Đàng,10.742641,106.7039656
HCM_02967,Be U Coffee,10.7962496,106.7037298
HCM_02968,Phở,10.7941894,106.7016856
HCM_02969,Cơm Gà,10.7941085,106.7042788
HCM_02970,N3 Opera Residence Hotel,10.7780366,106.7058719
HCM_02971,VTT Coffee,10.7933077,106.7034861
HCM_02972,Hồng My Coffee,10.7929111,106.704475
HCM_02973,Swan Boutique Hotel,10.7758767,106.7589068
HCM_02974,Nem nướng út hương,10.7920949,106.7306998
HCM_02975,Coffee,10.7925553,106.731715
HCM_02976,Bánh mì,10.7863772,106.7017244
HCM_02977,Cơm tấm chị hồng Calmette,10.7634316,106.7036329
HCM_02978,Quán Ốc,10.758923,106.7067455
HCM_02979,Cà phơ hơm,10.7929054,106.7069827
HCM_02980,Bamos,10.7930451,106.7116379
HCM_02981,Hanuri,10.7944111,106.7087883
HCM_02982,Bún thịt nướng Cô Nga,10.7608349,106.706738
HCM_02983,Thảo Cầm Viên Sài Gòn,10.7878079,106.7064568
HCM_02984,Khu du lịch Văn Thánh,10.7975865,106.7154519
HCM_02985,Khách sạn Caravelle Saigon,10.7761871,106.7036454
HCM_02986,Khách Sạn Rex,10.7755862,106.701106
HCM_02987,Khách sạn Sofitel Plaza Saigon,10.7839813,106.7026056
HCM_02988,Cộng Cà Phê,10.795948,106.7034598
HCM_02989,Khách sạn Palace Saigon,10.7745258,106.7036586
HCM_02990,Trung Tâm Văn Hóa Quận 7,10.7115715,106.737675
HCM_02991,Công viên Hồ Bán Nguyệt,10.7263635,106.7169474
HCM_02992,Công viên Kênh Đào,10.7227933,106.7143387
HCM_02993,Khách Sạn Sheraton Saigon,10.7758237,106.7039738
HCM_02994,Công viên Chi Lăng,10.7777958,106.701581
HCM_02995,Công viên Thương xá Tax,10.774671,106.7021113
HCM_02996,Nhà hàng Ocean Palace,10.7873615,106.704498
HCM_02997,Prince Hotel Saigon,10.7729368,106.7040731
HCM_02998,chung cư 42 Nguyễn Huệ,10.7741102,106.7042197
HCM_02999,Lucky Plaza,10.7741404,106.7045043
HCM_03000,Crescent Mall,10.7289866,106.7186882
HCM_03001,Shang Garden,10.7294475,106.7202474
HCM_03002,Công viên Tôn Thất Thuyết,10.7544628,106.7188283
HCM_03003,Công viên Cảnh Viên,10.717429,106.7309314
HCM_03004,Công viên Nam Viên,10.7209712,106.7299248
HCM_03005,Công trường Mê Linh,10.7752866,106.7063105
HCM_03006,Khách sạn Renaissance Riverside Sài Gòn,10.7743593,106.7062212
HCM_03007,Majestic Hotel,10.7729445,106.7059606
HCM_03008,Công viên Majestic Hotel,10.7724908,106.7059365
HCM_03009,Cheese Coffee - Đinh Tiên Hoàng,10.785829,106.7021587
HCM_03010,Công viên Wonderland,10.7307082,106.7113438
HCM_03011,Capri by Fraser,10.730421,106.723441
HCM_03012,Continental Saigon Hotel,10.7757521,106.7046095
HCM_03013,Cầu Mống,10.768069,106.7036691
HCM_03014,Khách sạn Park Hyatt Sài Gòn,10.7775555,106.7032506
HCM_03015,Khách sạn Liberty 2,10.7707146,106.7002761
HCM_03016,Khách sạn Liberty Central Sài Gòn CityPoint,10.7746821,106.7006099
HCM_03017,Hoi Quan Bach Moc,10.7306115,106.7278514
HCM_03018,Công viên nội khu,10.7204406,106.7290284
HCM_03019,Trụ sở Ủy ban nhân dân Thành phố Hồ Chí Minh,10.7765959,106.7009554
HCM_03020,Chung cư City Garden,10.793756,106.7121162
HCM_03021,SC-VivoCity,10.7299311,106.7033873
HCM_03022,Công viên Hà Đô,10.7780126,106.751903
HCM_03023,Bay Hotel,10.7808007,106.7069264
HCM_03024,Khách sạn Silverland Sankyo,10.781646,106.7053628
HCM_03025,Khách Sạn Lotte Legend,10.7789032,106.7065957
HCM_03026,The Beach Club,10.793724,106.7120102
HCM_03027,Công viên Bến Bạch Đằng,10.7722799,106.7064892
HCM_03028,Hotel L'Odeon,10.7308651,106.7077397
HCM_03029,Công viên Vinhomes Central Park,10.7934905,106.7242291
HCM_03030,Elisa Floating Restaurant,10.7680565,106.7077198
HCM_03031,Công viên KDC Belleza,10.7067116,106.7289307
HCM_03032,Crescent Mall Park,10.7287198,106.71771
HCM_03033,Công viên dạ cầu Sài Gòn,10.7989431,106.7314133
HCM_03034,SALA Shopping Mall Thiso mall,10.7720547,106.7219492
HCM_03035,Gấc Restaurant,10.7755944,106.705143
HCM_03036,Khách Sạn Cảng Sài Gòn,10.7657348,106.7066212
HCM_03037,Công viên Phường 12,10.7641778,106.7042811
HCM_03038,bánh cuốn chợ chiều,10.7827131,106.7586179
HCM_03039,Công viên Ngã Ba An Phú,10.7916261,106.7525171
HCM_03040,Cafe Thức,10.782952,106.758377
HCM_03041,McDonald's,10.7743402,106.7028337
HCM_03042,Royal Hotel Saigon,10.774451,106.70243
HCM_03043,Vườn hoa Tượng đài Bác Hồ,10.7759898,106.701583
HCM_03044,Công Viên Lô N Chung Cư Bình Khánh,10.7888944,106.7443047
HCM_03045,Công viên chung cư Bình Khánh,10.7873065,106.7416962
HCM_03046,Saigon South Marina Club - SSMC,10.7203682,106.7166771
HCM_03047,Công viên dạ cầu Sài Gòn,10.7999321,106.731014
HCM_03048,Cantavil Park,10.7998559,106.7472719
HCM_03049,Hilton Saigon,10.7750613,106.7057003
HCM_03050,Lương ký Mì gia,10.7918566,106.7089938
HCM_03051,Common area Aqua 2,10.786522,106.7113853
HCM_03052,Nhà hát Thành phố,10.7767109,106.7032186
HCM_03053,Công viên Lam Sơn,10.7759655,106.7025528
HCM_03054,Khách Sạn Mường Thanh Sài Gòn Centre,10.784197,106.7005324
HCM_03055,Trung tâm mua sắm Saigon Centre,10.7729521,106.7006604
HCM_03056,Toà Nhà Saigon Centre,10.7732401,106.7008784
HCM_03057,Bam Bam Bar,10.7698257,106.7014009
HCM_03058,Silverland Charner,10.7721792,106.7034795
HCM_03059,Khách Sạn Xuân Hương,10.7800068,106.7040336
HCM_03060,Silverland Hotel and Spa,10.7801224,106.7038609
HCM_03061,Hanayuki,10.7823522,106.7058087
HCM_03062,Khu Di tích Bến Nhà Rồng,10.768236,106.7065855
HCM_03063,Khách sạn Le Méridien Sài Gòn,10.7799374,106.707289
HCM_03064,Công viên Tân Cảng,10.7988558,106.7211928
HCM_03065,Công viên Tân Cảng,10.7982246,106.7227374
HCM_03066,Công viên Tân Cảng,10.7984338,106.7210053
HCM_03067,Smart Meal,10.7994254,106.7211916
HCM_03068,Công viên ao Sen,10.7647526,106.7609694
HCM_03069,Diamond Island Green area,10.7793191,106.7468
HCM_03070,Cafe số 1,10.7827011,106.7581786
HCM_03071,Saigon Social Space Pendula Gardens,10.763241,106.7596924
HCM_03072,Công viên Căn hộ Thủ Thiêm Dragon,10.7623999,106.7593227
HCM_03073,Dompéri Restaurant,10.7881096,106.7110316
HCM_03074,Hoàng Triều Entertainment,10.7307952,106.7082831
HCM_03075,BOSS 양꼬치,10.731217,106.7089511
HCM_03076,Bò Né Thanh Tuyền,10.7655205,106.7041881
HCM_03077,샤브 앤 쭈갑골,10.7317698,106.7070509
HCM_03078,Creative Park,10.7800445,106.7125216
HCM_03079,Công viên Bến Bạch Đằng,10.7782279,106.7076346
HCM_03080,Công viên công cộng Ventura,10.7704165,106.7897236
HCM_03081,Công viên khu 50HA,10.769417,106.7907527
HCM_03082,La Haye Kitchen & Bar - DIAMOND,10.7792954,106.747659
HCM_03083,Sotetsu Grand Fresa Saigon,10.7825537,106.7049307
HCM_03084,Công viên thú cưng Empire City,10.7680807,106.7125353
HCM_03085,Ippudo,10.7317989,106.7160431
HCM_03086,Công viên Đông Thủ Thiêm,10.7911461,106.7775017
HCM_03087,Công viên Mười Mẫu,10.7890748,106.7748263
HCM_03088,Cheese Coffee,10.794912,106.709188
HCM_03089,Công viên Sáng Tạo,10.7636806,106.7485745
HCM_03090,Cozy Hotel HCM,10.7909601,106.7048274
HCM_03091,Hashtag Cafe - 03 Trần Quý Kiên,10.7748949,106.7502191
HCM_03092,Công viên Mỹ Phú,10.7161372,106.7271894
HCM_03093,Công viên Lê Hữu Kiều,10.7848719,106.7558638
HCM_03094,Công viên nội khu,10.715227,106.7295017
HCM_03095,Eco Green Central Park,10.748533,106.7243437
HCM_03096,Căng Tin Văn Khoa,10.7858722,106.7033475
HCM_03097,LAGUNA Hotel,10.7322652,106.707435
HCM_03098,Sukdon BBQ,10.7325441,106.7080931
HCM_03099,안동국밥,10.7327022,106.7077599
HCM_03100,Neo Cafe,10.7987189,106.720376
HCM_03101,Matchandeul BBQ,10.7318005,106.7083104
HCM_03102,Starbucks,10.7313333,106.7068901
HCM_03103,The Coffee House,10.7306788,106.7069101
HCM_03104,Park Hill,10.7308593,106.7074916
HCM_03105,BLESSED Hotel & Bistro,10.7334765,106.708724
HCM_03106,Hải Sản Biển Nhớ,10.7330615,106.7092741
HCM_03107,Dê Trương Định,10.73325,106.7101852
HCM_03108,Ô Bun Cha,10.7327271,106.7087775
HCM_03109,Ốc Linh,10.7327479,106.7096285
HCM_03110,Kko Chi,10.731837,106.7098795
HCM_03111,Xin Chào,10.7318322,106.7096875
HCM_03112,Bún bò Vỹ Dạ Xưa,10.7312486,106.7102467
HCM_03113,Công viên Hoa Sứ,10.7690115,106.780877
HCM_03114,Công viên,10.7258732,106.7252495
HCM_03115,Trung Nguyên Legend,10.7439135,106.7327764
HCM_03116,Highlands Coffee,10.743962,106.7323365
HCM_03117,Cafe Muối,10.7945852,106.7021673
HCM_03118,Cơm Tấm 68,10.7946279,106.7022018
HCM_03119,Bạn Tôi,10.7934301,106.7031269
HCM_03120,Công viên bờ sông Sài Gòn,10.7728095,106.7097864
HCM_03121,Cà Phê Sapa,10.841601,106.657255
HCM_03122,Khách Sạn Thanh Nam,10.8514251,106.609459
HCM_03123,Lotteria,10.8032942,106.69257
HCM_03124,KFC,10.8085023,106.6781748
HCM_03125,KFC,10.8115508,106.6958817
HCM_03126,KFC,10.8000541,106.6962085
HCM_03127,Cà Phê Noir,10.8035752,106.6878913
HCM_03128,Quán Ăn Gia Đình,10.8029924,106.6995844
HCM_03129,Nhà Hàng Đồ Chay,10.8062565,106.6949559
HCM_03130,Nhà Hàng Tiệc Cưới Ngọc Trâm,10.8491522,106.6365739
HCM_03131,Nhà Hàng Lẩu Cua,10.8184378,106.6990062
HCM_03132,CoCo Fresh Tea & Juice,10.8553922,106.6301624
HCM_03133,Nhà Hàng Mina,10.8553474,106.6280572
HCM_03134,Cà Phê Sky View,10.8560376,106.6315655
HCM_03135,Nhà Hàng Lối Xưa,10.8532848,106.6267697
HCM_03136,Nhà Hàng Quản Tượng,10.8542884,106.6289933
HCM_03137,Cà Phê Mina,10.8554315,106.628159
HCM_03138,Cà Phê Oasis,10.8060495,106.6062033
HCM_03139,Lẩu Dê Đức Dưỡng,10.8338118,106.64433
HCM_03140,Khách Sạn Quang Trung 2,10.8420194,106.6436402
HCM_03141,Khách Sạn Tư Trung,10.8441378,106.6398967
HCM_03142,Nhà Hàng Đại Phú,10.8289701,106.6273887
HCM_03143,Burger King,10.8161563,106.6649977
HCM_03144,Lotus Cafeteria,10.815827,106.663854
HCM_03145,Popeyes,10.816193,106.664888
HCM_03146,Burger King,10.8170893,106.6637424
HCM_03147,Nhà Hàng Bonjour Resto,10.8042838,106.6895662
HCM_03148,Nhà Hàng Hấp Thuỷ Nhiệt,10.8023909,106.6832919
HCM_03149,Cà Phê TeaCup,10.8109794,106.6760719
HCM_03150,Lotteria,10.8216684,106.6885753
HCM_03151,Cà Phê City House,10.8241386,106.688439
HCM_03152,Khách Sạn Hoàng Oanh,10.80711,106.676693
HCM_03153,Khách Sạn Ngọc Vàng,10.8068746,106.6766023
HCM_03154,Khách Sạn Ngọc Châu,10.8041413,106.6839271
HCM_03155,Khách Sạn Văn Khang,10.8080348,106.6742571
HCM_03156,Khách Sạn Hương Mai 2,10.8072996,106.6753438
HCM_03157,Khách Sạn Ngọc Vũ,10.8064603,106.6775558
HCM_03158,Cà Phê Kem,10.8107897,106.6758786
HCM_03159,Nhà Hàng Vườn Cau,10.8217469,106.6937108
HCM_03160,Khách Sạn Sông Thương,10.8056323,106.6779387
HCM_03161,Khách Sạn Trăng Mật,10.8062988,106.6769728
HCM_03162,Pizza Hut,10.8580302,106.608923
HCM_03163,Pizza Hut,10.8132735,106.6656021
HCM_03164,Pizza Hut,10.8009329,106.6407219
HCM_03165,Pizza Hut,10.8062117,106.63439
HCM_03166,Pizza Hut,10.829007,106.6723651
HCM_03167,Pizza Hut,10.8248569,106.6875289
HCM_03168,Cà Phê Sân Vườn Du Miên,10.8319446,106.6741792
HCM_03169,Bánh Xèo Miền Trung Huyền Chi,10.8348937,106.6351138
HCM_03170,Cà Phê Oasis,10.814067,106.6803516
HCM_03171,Khách Sạn Green Ruby,10.8110069,106.6665074
HCM_03172,The Coffee House,10.8290579,106.6722624
HCM_03173,Cà Phê Viva Star,10.8441475,106.6571591
HCM_03174,Cà Phê Viva Star,10.845241,106.6571315
HCM_03175,Khách Sạn Lan Anh,10.8438296,106.6563217
HCM_03176,Cà Phê Cỏ May,10.8069937,106.689737
HCM_03177,Trung Tâm Hội Nghị Capella,10.8093443,106.6775723
HCM_03178,Nhà  Hàng Kobe BBQ,10.8016327,106.6540711
HCM_03179,Nhat Anh hotel,10.8110328,106.6199531
HCM_03180,Nhà Hàng Dori,10.8099687,106.6128826
HCM_03181,Quán cơm Kim Ngân,10.887491,106.6972327
HCM_03182,Cà Phê Canh Tân 1,10.867114,106.6467496
HCM_03183,Khách Sạn Trần Huy,10.8526713,106.6534701
HCM_03184,Quán Cà Phê Phúc Long,10.8006115,106.6606041
HCM_03185,Trung Tâm Mua Sắm Nguyễn Kim Gò Vấp,10.8298519,106.6778983
HCM_03186,Cà Phê Sao Việt,10.858982,106.6513085
HCM_03187,Cà Phê Khúc Mùa Thu,10.8407002,106.6512559
HCM_03188,Cà Phê Zone,10.8314277,106.6762704
HCM_03189,Cà Phê Nhật Minh,10.8313759,106.6763989
HCM_03190,Highlands Coffee,10.8312792,106.6767265
HCM_03191,Highlands Coffee,10.8012431,106.652915
HCM_03192,Lotteria,10.855739,106.6073783
HCM_03193,KFC,10.8073821,106.6342038
HCM_03194,Highlands Coffee,10.8008777,106.6576552
HCM_03195,Cà Phê Châu,10.843285,106.6693503
HCM_03196,Cà Phê Sài Gòn Xưa Bà Pèo,10.8005802,106.6504619
HCM_03197,Cà Phê Nguyên Chất Robusta,10.8803141,106.6326163
HCM_03198,Phở Hai Hói,10.8142615,106.6689747
HCM_03199,Ốc Đêm Mái Lá,10.8445542,106.6774307
HCM_03200,Cà Phê Suối Ngàn,10.8316738,106.6831497
HCM_03201,thiên nhiên,10.8651614,106.6487404
HCM_03202,Lộ Thiên Quán,10.8120727,106.6904117
HCM_03203,Khách Sạn Hà Oanh,10.838769,106.6716016
HCM_03204,Cà Phê Country House,10.8346905,106.6672247
HCM_03205,Bros BBQ,10.8208073,106.6836787
HCM_03206,Khách Sạn Ngọc Thanh Vân,10.8299632,106.6416087
HCM_03207,Cà Phê Saigon Chic,10.8421565,106.6791225
HCM_03208,KFC,10.8269296,106.6790821
HCM_03209,The Coffee House,10.8045445,106.6918153
HCM_03210,Nhà Hàng The Adora Luxury,10.8001215,106.6734404
HCM_03211,Lẩu Dê Yên Hồng Quang 2,10.8417023,106.6475296
HCM_03212,Nhà Hàng Lẩu Dê Yên Hồng Quang 3,10.8021334,106.647557
HCM_03213,Cà Phê Điêu Thuyền,10.8439776,106.6553312
HCM_03214,Cà Phê 116,10.8079116,106.6616523
HCM_03215,Cà Phê Gió Bấc,10.8018269,106.6693083
HCM_03216,Bún Chả Hà Nội Vân An,10.8132471,106.6677124
HCM_03217,Trà Sữa Happy,10.8354979,106.6353865
HCM_03218,Quán Ăn Hủ Tiếu Nam Vang Hà Kiều,10.8361498,106.6874281
HCM_03219,Cà Phê Ngẫu Nhiên,10.8353087,106.6868541
HCM_03220,Nhà Hàng Hương Phố,10.8287006,106.6835014
HCM_03221,Cà Phê Nguyên Hương,10.8793504,106.6551931
HCM_03222,KDL Bến Xưa,10.8525434,106.6770657
HCM_03223,Cà Phê Góc Phố,10.8416884,106.6677163
HCM_03224,Cà Phê Hoa Sứ,10.8443127,106.6471041
HCM_03225,Quán Cơm Bà Năm,10.8227794,106.6891698
HCM_03226,Quán Ốc Cây Bàng,10.8133207,106.667167
HCM_03227,Cư Bao Coffee,10.8006369,106.6499751
HCM_03228,Khách Sạn Minh Tâm,10.8021474,106.6471412
HCM_03229,Khách Sạn Uyên Anh,10.812824,106.6683754
HCM_03230,Domino's,10.8156629,106.6636396
HCM_03231,Disco Travel - Du lịch Quốc Tế Khám Phá,10.8151663,106.6734822
HCM_03232,Cà Phê Pháp Việt,10.8733684,106.6792105
HCM_03233,Cà Phê Berry Việt,10.8058727,106.6614449
HCM_03234,Cà Phê Đan Khuyên,10.8167195,106.6718202
HCM_03235,Quán Phở AG,10.8097948,106.6659688
HCM_03236,Nhà Hàng Dê Vàng,10.8321782,106.683014
HCM_03237,Khách Snạ Quyền My House,10.8542963,106.654491
HCM_03238,The Coffee House,10.8030231,106.6605047
HCM_03239,Highlands Coffee,10.8138794,106.6630558
HCM_03240,Cà Phê Thanh Hồng,10.8048972,106.6993349
HCM_03241,LOTTE Mart Cộng Hòa,10.800858,106.6529899
HCM_03242,Cà Phê Favi,10.8391577,106.6484906
HCM_03243,Cơm Chay Thiện Nhẫn,10.8329001,106.6283304
HCM_03244,Cà Phê R&B,10.8135104,106.663025
HCM_03245,Starbucks,10.8130931,106.6630019
HCM_03246,Nhà Hàng Vườn Phố,10.8012092,106.6665516
HCM_03247,Cà Phê Thủy Mộc,10.8195576,106.6856263
HCM_03248,Cà Phê Sân Vườn Phố Nhỏ,10.8018816,106.6845614
HCM_03249,Mỹ Dung - Bún cá Nha Trang,10.8702011,106.6186599
HCM_03250,KFC,10.8131737,106.6655568
HCM_03251,Quán Cà Phê Nhóc,10.8407806,106.6421422
HCM_03252,Cà Phê Sake,10.8420103,106.626483
HCM_03253,Nhà Hàng Papa's Chicken,10.8077369,106.6644646
HCM_03254,Khách Sạn OYO 103,10.8069539,106.6635094
HCM_03255,Nhà Hàng Nhật Sukiya Tokyo,10.8131218,106.665592
HCM_03256,Cà Phê Robica,10.8057317,106.665667
HCM_03257,Cà Phê The Bush,10.8061322,106.6658923
HCM_03258,Khách Sạn Camila,10.806389,106.6648704
HCM_03259,Khách Sạn Nana,10.8453139,106.6714791
HCM_03260,Trà Sữa Bobaland,10.8080163,106.6887564
HCM_03261,Cà Phê Chợ Đồ Cổ,10.8199135,106.6987697
HCM_03262,Khách Sạn Mismo,10.8486506,106.6783323
HCM_03263,Khách Sạn Mai Lan,10.813916,106.6696783
HCM_03264,Cà Phê TenRen's,10.8137433,106.665999
HCM_03265,Starbucks,10.8361866,106.6599914
HCM_03266,Quán Cơm Tấm Cây Khế 3,10.8426478,106.6559085
HCM_03267,Tiệm Bún Xào Chay Sa Đéc,10.8177969,106.6952017
HCM_03268,Quán Bánh Canh Cá Lóc,10.8648466,106.6182764
HCM_03269,Trúc Lâm,10.8841091,106.6063851
HCM_03270,Bánh Canh Cá Lóc Ba Duy,10.8573839,106.6196333
HCM_03271,Bò Lá Lốt Hoa Trang,10.8063819,106.6810097
HCM_03272,Domino's,10.8236731,106.6298095
HCM_03273,Khách Sạn Tân Bình,10.8258527,106.6329719
HCM_03274,Khách Sạn Quỳnh Hoa,10.8653926,106.6535681
HCM_03275,Cà Phê Happy,10.8458811,106.6518905
HCM_03276,Cà Phê Paris,10.8498812,106.6584907
HCM_03277,Khách Sạn Eden,10.8402192,106.6627622
HCM_03278,Khách Sạn Hiền Hòa,10.8423313,106.6583566
HCM_03279,Khách Sạn Vẫn Thỉnh,10.8423432,106.6582493
HCM_03280,Khách Sạn Quỳnh Vân,10.8384048,106.6729787
HCM_03281,Khách Sạn A&E,10.8352028,106.6812882
HCM_03282,Khách Sạn Ánh Linh,10.8361617,106.6809958
HCM_03283,Suri,10.8825226,106.6983992
HCM_03284,Cà Phê Fruzii,10.8140826,106.6664469
HCM_03285,Cà Phê Shop,10.8414857,106.6647296
HCM_03286,KFC,10.8449288,106.6646853
HCM_03287,Trà Sữa Bunny,10.8309913,106.6274885
HCM_03288,The Coffee House,10.8122338,106.6902853
HCM_03289,Cà Phê Amazing,10.8024671,106.660464
HCM_03290,Nhà Hàng Đồ Chay,10.8041704,106.6893943
HCM_03291,Cà Phê Vacances,10.801903,106.6604674
HCM_03292,Cà Phê Chồn,10.8349638,106.6666267
HCM_03293,Cà Phê The Long,10.8036484,106.6660918
HCM_03294,Quán Cơm Chay 27,10.8005665,106.6845785
HCM_03295,Otoke Chicken,10.8006214,106.6844872
HCM_03296,Cà Phê Sorriso,10.8005574,106.6844909
HCM_03297,The Coffee House,10.802546,106.6838791
HCM_03298,Nhà Hàng ZooZoo Deluxy,10.8028322,106.6842
HCM_03299,Nhà Nguyễn Tấn Hưng,10.8850984,106.6968796
HCM_03300,Công ty TNHH SX TM Phong Điền,10.8861087,106.6069471
HCM_03301,Star Cafe,10.8150935,106.6622082
HCM_03302,Nhà Hàng Món Ngon Nhà Nấu,10.832839,106.6829738
HCM_03303,Khách Sạn Holiday Inn & Suites Saigon Airport,10.8017599,106.6550628
HCM_03304,Cà Phê Family Garden,10.8282095,106.6860294
HCM_03305,Tiệm Bánh Tháng Giêng,10.866468,106.6141637
HCM_03306,Khách Sạn Ly Ly 2,10.8217497,106.6310491
HCM_03307,Nhà Hàng Bún Bò Ghẹ,10.8542827,106.6560582
HCM_03308,Cà Phê Hoàng Điềm,10.8539508,106.6560743
HCM_03309,Cà Phê Tina,10.8537875,106.6560877
HCM_03310,Khách Sạn Bạch Trinh,10.8523513,106.6558753
HCM_03311,Cà Phê Hè Phố,10.8509025,106.6562186
HCM_03312,Cà Phê Effoc,10.8502676,106.656165
HCM_03313,Khách Sạn Eden,10.8483789,106.6569026
HCM_03314,Cà Phê Lani,10.8472145,106.6570287
HCM_03315,Cà Phê Viva Star,10.8464058,106.6568704
HCM_03316,Cà Phê UUDAM,10.802721,106.6503576
HCM_03317,Nhà Hàng Hoa Viên Brauhaus,10.8036572,106.6663546
HCM_03318,Khách Sạn Vy Vy Airport,10.8004224,106.6625757
HCM_03319,Cà Phê Ticos,10.8245795,106.6909099
HCM_03320,JUJU Nướng - Kzone,10.8212406,106.6980585
HCM_03321,Nhà Hàng 123 Zô – Quán Nướng Ngon,10.8201736,106.6913461
HCM_03322,Khách Sạn Ngọc Linh,10.8189144,106.6966866
HCM_03323,Khách sạn Saigon Garden Hill Apartment & Resort,10.8150232,106.686555
HCM_03324,Trung tâm Hội nghị Tiệc cưới Tân Sơn Nhất Pavillon,10.8010742,106.6706699
HCM_03325,Phúc Long Coffee & Tea - Phổ Quang,10.8086117,106.6719765
HCM_03326,khách sạn Massage Cao Gia Thịnh,10.836349,106.6109396
HCM_03327,Cơm Bình Dân,10.8416611,106.6147039
HCM_03328,Công viên Chung cư Phú An,10.8652789,106.6567666
HCM_03329,iBis Sai Gon Airport Hotel,10.8131695,106.6659262
HCM_03330,Asiana Plaza - Bình Thạnh,10.8032188,106.6914533
HCM_03331,Công viên Phần mềm Quang Trung,10.8537839,106.6283152
HCM_03332,Công viên Làng Hoa Gò Vấp,10.8420884,106.6565352
HCM_03333,Nhà hàng Vườn Lan,10.8636641,106.6039444
HCM_03334,Nhà hàng Bến Xưa,10.853364,106.6790744
HCM_03335,Hoa Viên Tiệc Cưới Ba Dẩu,10.8631986,106.6849166
HCM_03336,LEHA Saigon Hotel,10.8060049,106.6638135
HCM_03337,Wayne's Coffee,10.8001744,106.6146045
HCM_03338,Alfa Coffee,10.8554027,106.6531649
HCM_03339,"Công viên Gò Sao , Thạnh Xuân, Quận 12",10.864995,106.6656948
HCM_03340,Chồn Cafe,10.8143596,106.669979
HCM_03341,H79 Hotel,10.8006565,106.6601291
HCM_03342,Nghé Coffee and Tea,10.866098,106.6651519
HCM_03343,Wayne's Coffee,10.809768,106.6729142
HCM_03344,McDonald's,10.8131963,106.6630091
HCM_03345,Katinat Cộng Hòa,10.8009983,106.6606004
HCM_03346,Sagon Cafe & Bakery,10.8171525,106.6639787
HCM_03347,Big Bowl,10.8170498,106.6636524
HCM_03348,Highlands Coffee,10.801391,106.6377789
HCM_03349,Bobapop,10.8039477,106.6360581
HCM_03350,Burger King,10.8140055,106.662202
HCM_03351,Lucky Cafe & Fastfood,10.8149252,106.6620859
HCM_03352,Pizza Hut,10.81492,106.6049559
HCM_03353,Khách Sạn Hoa Bảo,10.8316791,106.6869173
HCM_03354,Hotel Sao Mai,10.8269564,106.6910689
HCM_03355,KOI Thé,10.8239061,106.6921362
HCM_03356,Starbucks,10.8235694,106.6931403
HCM_03357,KFC,10.8234364,106.6933185
HCM_03358,Chang Kang Kung Emart,10.8235839,106.6933156
HCM_03359,Kichi Kichi Emart Gò Vấp,10.8234928,106.6936411
HCM_03360,GoGi House,10.8237344,106.6937236
HCM_03361,Dairy Queen,10.8234986,106.6937781
HCM_03362,Những Người Bạn,10.8277073,106.6876781
HCM_03363,Garage Coffee,10.8277053,106.6867063
HCM_03364,Dê Cao Nguyên,10.8085851,106.6661364
HCM_03365,Little Du Mien Cafe,10.8089334,106.6721598
HCM_03366,Tiệm Cà Phê Mợ Đẹt,10.8462532,106.6633522
HCM_03367,Quán ốc Thiện ý,10.8429138,106.6534493
HCM_03368,Cherry Hotel & Appartments,10.8026601,106.6437627
HCM_03369,Some Rockets And Military Vehicles,10.8022168,106.6487042
HCM_03370,Sorts Of Pho,10.8014235,106.6566999
HCM_03371,Tinh Dầu Lợi An,10.8014428,106.6045599
HCM_03372,Mợ Đẹt Coffee Take Away,10.8415301,106.6674262
HCM_03373,Highlands Coffee,10.8168229,106.6647235
HCM_03374,Phuc Long,10.8181096,106.6666956
HCM_03375,Saigon Cafe,10.8171082,106.6641318
HCM_03376,Tìm Kàfe,10.8664684,106.6142187
HCM_03377,SM Coffee,10.8670374,106.6649263
HCM_03378,Nhà hàng Hải sản Hòn Thơm,10.8039306,106.6326517
HCM_03379,Taste of Asia,10.8133278,106.6619529
HCM_03380,Pink Pong Buffet,10.8094435,106.6194316
HCM_03381,Yu Han Cha Trà Sữa Nướng Đài Loan,10.8072552,106.6189271
HCM_03382,Hủ Tiếu Bảo Ngọc,10.807217,106.6190595
HCM_03383,Ngọc Minh Anh,10.8456134,106.6792901
HCM_03384,Ốc Bươu Vàng | Ốc Bươu Đồng | Ốc Bươu Lai | Ốc Bươu Pháp,10.8717396,106.6348632
HCM_03385,Vịt 34,10.8143773,106.6702289
HCM_03386,Sinh Tố 10,10.8119002,106.6683945
HCM_03387,The Airport Hotel,10.8099052,106.665634
HCM_03388,Ciao Saigon 2,10.8097275,106.6656742
HCM_03389,Sarang Heo,10.8346717,106.6672908
HCM_03390,Sloppy Joe,10.8248191,106.6805366
HCM_03391,Burger King,10.8155947,106.6633815
HCM_03392,Khách Sạn Hoàng Thanh Thủy 4,10.8518184,106.6165793
HCM_03393,Ngõ Chay,10.8040864,106.6906911
HCM_03394,Nhà Hàng Chay Kimsa,10.8038741,106.6906084
HCM_03395,Thủy Mộc,10.8275208,106.6813171
HCM_03396,Vườn Chay,10.8117333,106.6908239
HCM_03397,Latẩm,10.806476,106.6777896
HCM_03398,Ẩm Thực Chay Diệu Cát Tường,10.8044606,106.6680753
HCM_03399,Vegetarian Buffet D'Gemma,10.8058834,106.6664412
HCM_03400,Ẩm Thực Chay Hương Sen,10.8457405,106.6561554
HCM_03401,Trung Tâm Yến Tiệc Và Hội Nghị Amor Resort,10.8080456,106.687733
HCM_03402,Koi Melody Coffee,10.8082372,106.6196427
HCM_03403,Jollibee,10.8054275,106.6085812
HCM_03404,Nhà Hàng Chay Hương Sen,10.811184,106.6792709
HCM_03405,Nhà Hàng Mộc Chay,10.8016736,106.633553
HCM_03406,Ẩm Thực Chay Thiên An,10.804531,106.6641851
HCM_03407,"Quán cơm tấm, bún thịt nướng",10.8658921,106.6802935
HCM_03408,Quán cà phê,10.8662281,106.6807172
HCM_03409,Quán Võ Lâm,10.8666517,106.6809888
HCM_03410,Quán ăn Rảnh là ghé,10.8668373,106.6811817
HCM_03411,Quán cà phê,10.8672168,106.6815643
HCM_03412,Quán cà phê Thảo My,10.8670348,106.6813914
HCM_03413,Quán cà phê Thiên,10.8675319,106.6815854
HCM_03414,"Quán hủ tiếu, cơm tấm",10.867725,106.6819195
HCM_03415,Quán ăn Tài ký,10.8687576,106.6826822
HCM_03416,Quán ăn gia đình Nam Sơn,10.8690062,106.6828773
HCM_03417,Quán cà phê,10.8671744,106.679443
HCM_03418,Quán Chay Pháp Uyển,10.8048579,106.6892193
HCM_03419,Nhà Hàng Chay Vô Úy,10.8355182,106.6703588
HCM_03420,Soleil Café,10.8123802,106.6547419
HCM_03421,Cuisine de Saigon,10.8112557,106.6517136
HCM_03422,The Coffee Bean & Tea Leaf,10.8114591,106.6515867
HCM_03423,Kobe Town,10.8212252,106.6988291
HCM_03424,BEN coffee,10.86101,106.6783579
HCM_03425,Zen Coffee,10.8609889,106.6791769
HCM_03426,Quán Chay Hoàng Lan,10.8091374,106.6890004
HCM_03427,Tina Coffee,10.8110862,106.6896587
HCM_03428,Soul Station,10.8207778,106.6914144
HCM_03429,Thành Coffee,10.8020559,106.6893705
HCM_03430,CHỊ TÔI COFFEE,10.8210988,106.6888538
HCM_03431,Quán chay Diệu An,10.8207067,106.6872448
HCM_03432,PỜ CAFÉ - TRẠM SẠC NĂNG LƯỢNG,10.8344996,106.6850735
HCM_03433,Nhà Hàng Chay Chí Cao,10.8112046,106.6956158
HCM_03434,Phở Đạt,10.8696365,106.6826444
HCM_03435,Quán nước,10.8694617,106.6806751
HCM_03436,THANH LONG HOTEL,10.8057484,106.6653548
HCM_03437,Quán Cơm,10.8619818,106.602872
HCM_03438,Star Cafe,10.8126828,106.6554276
HCM_03439,Burger King,10.8126761,106.6553533
HCM_03440,Big Bowl,10.8127206,106.6554646
HCM_03441,Nhà Hàng Chay Bà Xã,10.8069725,106.6480214
HCM_03442,Banh mi Trieu Chau,10.824564,106.6910453
HCM_03443,Gà Ta Phát Tài,10.8091398,106.6965285
HCM_03444,Bún Thịt Nướng,10.8091129,106.69654
HCM_03445,Bún cá sữa - Cơm rang giòn,10.8033493,106.6636197
HCM_03446,Quán nước,10.8683683,106.6800719
HCM_03447,Bánh mì Pewpew,10.8264152,106.6890048
HCM_03448,Phở Hiền,10.8253827,106.690096
HCM_03449,Run Coffee (Runway Coffe),10.8141476,106.6329001
HCM_03450,Seven Coffee Roastery,10.8179969,106.63731
HCM_03451,Hương Cao Nguyên Sky View,10.8149027,106.6341588
HCM_03452,DUYÊN COFFEE,10.8154529,106.6347336
HCM_03453,Gà Rán FKT Tân Bình,10.816574,106.636081
HCM_03454,Hủ tiếu mực - Hải sản Vũng Tàu,10.81761,106.6372261
HCM_03455,Minh Hoàng Hotel,10.8008919,106.6446269
HCM_03456,Hồng Trà Tuổi Thơ T007,10.8489546,106.6788071
HCM_03457,Simile Coffee,10.8306966,106.6883265
HCM_03458,Chiếc mơ,10.8309503,106.6883009
HCM_03459,Mì Quảng 3 Anh Em,10.8010357,106.685269
HCM_03460,Cơm tấm Khương cs2,10.8377676,106.6365506
HCM_03461,K&T hotel Sân Bay TSN-150m Từ Nhà Ga T3,10.8069918,106.6480228
HCM_03462,Cơm Tấm Phúc Lộc Thọ,10.8321683,106.682773
HCM_03463,Texas Chicken,10.8085777,106.6716579
HCM_03464,Toà Nhà Parkson CT Plaza,10.8130453,106.6656962
HCM_03465,Công Viên Văn Hóa Phú Nhuận,10.8028306,106.6904324
HCM_03466,Highlands Coffee,10.8132325,106.6653045
HCM_03467,Công viên Làng Hoa Gò Vấp,10.8418657,106.6560378
HCM_03468,ÆON MALL Tân Phú,10.801675,106.6171221
HCM_03469,Hủ Tiếu Nam Vang,10.8081191,106.6785589
HCM_03470,Phở Hiền Nguyễn Kiệm,10.8077712,106.6785775
HCM_03471,Saigon Airport Plaza,10.815032,106.6663468
HCM_03472,Saigon Mall Gò Vấp,10.8314564,106.6767359
HCM_03473,Big C Gò Vấp,10.8255653,106.6802378
HCM_03474,Sao Cũng Được Coffee,10.8195719,106.6863754
HCM_03475,Nhà hàng Vườn Cau 2,10.8276455,106.6901045
HCM_03476,Vincom Plaza Quang Trung,10.8294827,106.6725415
HCM_03477,Công viên Bến Hải,10.8257654,106.6944107
HCM_03478,Tan Son Nhat Hotel,10.8061094,106.6685879
HCM_03479,Công viên Gia Phú,10.8066576,106.6077497
HCM_03480,Công viên Sơn Kỳ,10.8065843,106.6103095
HCM_03481,Nhà Hàng Hải Sản Giang Ghẹ 5,10.8064129,106.6354717
HCM_03482,Cây xanh,10.8760608,106.629834
HCM_03483,The parkland,10.8762356,106.6291897
HCM_03484,Công Viên Trúc Lâm,10.8751241,106.6299967
HCM_03485,Green tree,10.8752999,106.6329448
HCM_03486,Công viên Nguyễn Sỹ Sách,10.8211038,106.6370041
HCM_03487,Sky Star Hotel,10.8407268,106.6503794
HCM_03488,Khách Sạn Sao Mai Xanh,10.8411466,106.6509931
HCM_03489,Hotel Hoa Bảo,10.8430383,106.6644638
HCM_03490,TTC Tân Bình Hotel,10.8003961,106.6616175
HCM_03491,hai san 68,10.8338258,106.6734101
HCM_03492,Isuzu sidewalk park,10.8389516,106.6480129
HCM_03493,Sidewalk park,10.8380578,106.6515774
HCM_03494,Mercedes Sidewalk park,10.8370354,106.6556523
HCM_03495,Nhà hàng Tiệc cưới Luxury Palace,10.8274254,106.6896822
HCM_03496,CÔNG VIÊN 8XLUS,10.8312903,106.621888
HCM_03497,Công viên Đặng Thùy Trâm,10.8333277,106.6996477
HCM_03498,Công viên Hòa Bình,10.8362202,106.6700273
HCM_03499,Công viên Hòa Bình,10.8361971,106.6710236
HCM_03500,Khách Sạn Iris,10.8063996,106.6642145
HCM_03501,Nhà Hàng Tiệc Cưới Phú Nhuận,10.8026133,106.6834875
HCM_03502,Công viên Văn hóa Gò Vấp,10.8431008,106.6852889
HCM_03503,Big Pig BBQ & Beer- Truong Son,10.8099713,106.665124
HCM_03504,Pico Plaza,10.800754,106.6532198
HCM_03505,Botanica Premier Residential Park,10.8100665,106.669317
HCM_03506,Khách sạn SoLex,10.8010748,106.6425236
HCM_03507,Mì trộn và Cơm văn phòng Tên Lửa,10.8018701,106.6515493
HCM_03508,Thinh Gia Phat Hotel,10.8048268,106.6474958
HCM_03509,Công viên Khu nhà ở Quân đội,10.8299861,106.6857046
HCM_03510,Le Saigon Hotel,10.8093918,106.6654657
HCM_03511,Công viên Thuận Kiều,10.8243771,106.615228
HCM_03512,Roji Coffee & Tea House,10.8027447,106.6861132
HCM_03513,Highlands Coffee,10.842406,106.6387285
HCM_03514,Tiệm Lẩu Nhà An,10.8398954,106.6376458
HCM_03515,Me Coffee,10.8247297,106.6905173
HCM_03516,The Monday Coffee,10.8247878,106.6905768
HCM_03517,Bún Bò Huế Kim Hương,10.8091985,106.6966675
HCM_03518,Là Cá Cafe,10.8001588,106.6859242
HCM_03519,Tiệm 365 Cafe,10.8044207,106.6468465
HCM_03520,Cf Bờ sông,10.8763886,106.6913087
HCM_03521,May Coffee,10.8502142,106.6745951
HCM_03522,Khách sạn Tân Sơn Nhất,10.8007099,106.6708589
HCM_03523,Công viên Gia Định,10.8125387,106.6752341
HCM_03524,Công viên Hoàng Văn Thụ,10.8025098,106.6645157
HCM_03525,Lotteria,10.8000744,106.7110951
HCM_03526,KFC,10.8483849,106.7746746
HCM_03527,Bánh Bao Mai Hương,10.8591589,106.7497676
HCM_03528,Cà Phê Thuỷ Trúc,10.8104285,106.7084493
HCM_03529,Quán Ăn 7777,10.8184173,106.7047992
HCM_03530,Cà Phê La Music,10.8210974,106.705363
HCM_03531,Nhà Hàng Đầm Tôm,10.835471,106.765147
HCM_03532,Tân Cảng,10.8005534,106.7246028
HCM_03533,Cà Phê Amy,10.844939,106.767218
HCM_03534,Bún Bò Thuận An 2,10.844877,106.767471
HCM_03535,Cà Phê Nice,10.844476,106.769729
HCM_03536,Caffe Vườn Yêu,10.844518,106.769922
HCM_03537,Cà Phê Cat,10.802605,106.7144217
HCM_03538,Nhà Hàng Saigon Outcast,10.8169603,106.7299514
HCM_03539,That's Cafe,10.8152885,106.7274623
HCM_03540,Station Mall,10.8011701,106.7331602
HCM_03541,Lotteria,10.8499193,106.7680969
HCM_03542,Trà Sữa Hot & Cold,10.8495654,106.7712909
HCM_03543,Quán Cơm Sinh Viên,10.849584,106.7713821
HCM_03544,Quán Cơm Gà Ta,10.8472007,106.770729
HCM_03545,Tiệm Bún Bò Cây Me,10.8474734,106.7705028
HCM_03546,Cơm Chiên Gà Xối Mỡ Lê Châu,10.8475454,106.7686038
HCM_03547,The Aven,10.8481894,106.7712708
HCM_03548,Dairy Queen,10.8496426,106.769907
HCM_03549,KFC,10.8507709,106.7647777
HCM_03550,Lotteria,10.8036701,106.7013198
HCM_03551,Công Viên Bình Qưới,10.831063,106.744718
HCM_03552,Lotteria,10.8510586,106.7560849
HCM_03553,Nhà Hàng Ngô Đồng,10.8522536,106.7691207
HCM_03554,Tí Tách,10.8539727,106.7696477
HCM_03555,Cà Phê Dường Như,10.8425619,106.7665575
HCM_03556,Quán Cơm Tấm,10.847489,106.7693458
HCM_03557,Khách Sạn Lại Trần,10.8033255,106.7159306
HCM_03558,Khách Sạn Somerset Vista,10.8046099,106.7510716
HCM_03559,Lotteria,10.8689094,106.7760864
HCM_03560,KFC,10.8897818,106.7758166
HCM_03561,Nhà Hàng The Boathouse,10.8089278,106.7382912
HCM_03562,Pendalosco,10.8065193,106.734364
HCM_03563,Quán Bar Biacraft,10.8037057,106.7345314
HCM_03564,Pizza Hut,10.8511325,106.7565904
HCM_03565,KFC,10.8462485,106.7781005
HCM_03566,Cà Phê Hoàng Gia,10.8082482,106.7087778
HCM_03567,Cà Phê Tina,10.8083422,106.7086912
HCM_03568,Khu Du Lịch Bình Qưới,10.8294989,106.7392535
HCM_03569,Cà Phê Độc Quán,10.8279232,106.7275614
HCM_03570,Cà Phê Bike Việt Nam,10.800023,106.7227392
HCM_03571,Nhà hàng tiệc cưới sự kiện Thiên Phú Quý,10.8760796,106.755723
HCM_03572,Caffe El libro,10.847557,106.7765674
HCM_03573,Quán Năm Lửa,10.8394051,106.7803004
HCM_03574,Khách Sạn Phong Phú,10.8408721,106.7786997
HCM_03575,Nhà hàng Cát Đẳng,10.8451649,106.7818234
HCM_03576,Nhà Hàng Minh Phú,10.8445816,106.7809088
HCM_03577,KFC,10.8442869,106.782112
HCM_03578,Nhà Hàng 354,10.8443206,106.7814619
HCM_03579,KFC,10.8471684,106.7765588
HCM_03580,Domino's,10.8441604,106.7819191
HCM_03581,Cà Phê Brobingsu,10.8028716,106.732707
HCM_03582,Cà Phê Thảo Điền,10.8059272,106.740886
HCM_03583,Cà Phê Chez Nous,10.804076,106.7366554
HCM_03584,The LooP,10.8060215,106.7353382
HCM_03585,Starbucks,10.8031005,106.7376209
HCM_03586,Popeyes,10.804013,106.7373898
HCM_03587,Cửa Hàng Đà Lạt Pizza,10.8484155,106.7708817
HCM_03588,Khách Sạn Inter Nos,10.8052883,106.7340427
HCM_03589,Quán Bụi,10.8051922,106.7356992
HCM_03590,Cà Phê A Đô,10.8024092,106.7115948
HCM_03591,Phong Cua - Cây Sứ Quán,10.8208453,106.7274691
HCM_03592,Khách Sạn Đất Phù Sa,10.8270428,106.7348122
HCM_03593,Milano dĩ an,10.8966176,106.7626328
HCM_03594,Mát Xa Phụng Thuỷ,10.8249336,106.7144464
HCM_03595,Trung Nguyên Coffee,10.8016989,106.7115786
HCM_03596,Cà Phê 2NT,10.8228102,106.7015356
HCM_03597,Nhà Hàng Chay Bông Súng,10.8456434,106.7739389
HCM_03598,Cafe Anh Long,10.8741106,106.7586845
HCM_03599,Quán Hiếu Ký Mì Gia,10.8512391,106.7541806
HCM_03600,Cà Phê Thanh Tuyền,10.8557351,106.7718616
HCM_03601,Cà Phê Trà Tịnh,10.8554223,106.7712284
HCM_03602,tap hoa,10.8543113,106.7695192
HCM_03603,Can tin8,10.8638638,106.7458096
HCM_03604,Coco,10.8297588,106.7737975
HCM_03605,Cà Phê Cô Phương,10.8480367,106.75656
HCM_03606,Nhà Hàng The Deck Sài Gòn,10.807271,106.74459
HCM_03607,The Coffee House,10.8504767,106.7606001
HCM_03608,Nhà Hàng Gà Nướng Bảy Đực,10.8261282,106.7386412
HCM_03609,Quán Bia Tươi Sài Gòn AGATA,10.8800307,106.7867928
HCM_03610,Mai Xuân,10.8804397,106.7874021
HCM_03611,Hup Coffe,10.8802611,106.794573
HCM_03612,Quán Cơm Thành Tài,10.8753844,106.7993009
HCM_03613,Student Station Coffee,10.8749379,106.7994696
HCM_03614,BoBaPop - Làng Đại Học,10.8747588,106.7994051
HCM_03615,Mì Cay Naga,10.8749461,106.7988693
HCM_03616,Coffee House,10.8744257,106.7985854
HCM_03617,DORMITORY COFFEE & TEA,10.8743232,106.7994093
HCM_03618,Iwans coffee & Tea,10.8739878,106.7996091
HCM_03619,Khách Sạn Hạnh,10.8148677,106.7095655
HCM_03620,Cà phê Chợt Nhớ,10.8303649,106.7245108
HCM_03621,Khách Sạn Thanh Đa Riverside,10.8150675,106.718231
HCM_03622,@HOME,10.8141238,106.7209561
HCM_03623,Cà Phê Richy,10.8122832,106.7047803
HCM_03624,Cà Phê Tuấn Tú,10.8463415,106.7486893
HCM_03625,Cà Phê Muahanoi,10.8140569,106.708903
HCM_03626,Cà Phê Snap,10.8054337,106.7407473
HCM_03627,Cà Phê Pha Kê,10.8442825,106.7679354
HCM_03628,Liên Hoa Quán,10.8447666,106.7619204
HCM_03629,Nhà Hàng Bò Cao Nguyên,10.8470199,106.7654756
HCM_03630,Quán Cơm BaCu,10.8196037,106.7027803
HCM_03631,Quán Buddha Bar and Grill,10.802095,106.7381813
HCM_03632,Trà Sữa ECO,10.8287409,106.7731225
HCM_03633,Quán Cơm Gà Da Giòn,10.8017439,106.7154276
HCM_03634,Cà Phê Gạch,10.8572557,106.7666412
HCM_03635,Thủy,10.803816,106.7230505
HCM_03636,Thiên Phát Cơm bình dân,10.8397747,106.7667626
HCM_03637,Cà Phê Trúc Xinh,10.8049558,106.7147715
HCM_03638,Bún Bò Hương Việt,10.8970649,106.7630135
HCM_03639,Quán Cháo Vịt Thu Nga,10.8164444,106.7197084
HCM_03640,Nhà Hàng Cá Sấu Hoa Cà,10.8297485,106.7330006
HCM_03641,Cà Phê Xì Trum,10.803361,106.7322998
HCM_03642,Nhà Hàng Thai Street,10.8045082,106.7371682
HCM_03643,Caffe Milano 279,10.845185,106.7913186
HCM_03644,KFC,10.8422134,106.7313229
HCM_03645,Cháo Cá Miền Tây 4,10.836306,106.7656554
HCM_03646,Cháo Cá Miền Tây 2,10.8397208,106.7676655
HCM_03647,Phở Phú Lộc,10.8446367,106.7643096
HCM_03648,Cà Phê IM,10.8422116,106.768248
HCM_03649,Cà Phê Ấn Tượng,10.8429239,106.768428
HCM_03650,Nhà Hàng Minh Phát,10.8030402,106.7004654
HCM_03651,Hải Sản Giang Ghẹ 2,10.8409362,106.7652476
HCM_03652,Hải Sản Giang Ghẹ,10.8564814,106.7227904
HCM_03653,Cà Phê Free Men,10.8444266,106.7463086
HCM_03654,Cà Phê iCoffee,10.8492914,106.7999672
HCM_03655,Cà Phê Sỏi Đá,10.8611342,106.7061894
HCM_03656,Nhà Hàng Bia Tuyết Q9,10.8407683,106.7655908
HCM_03657,Domino's,10.8091202,106.7093276
HCM_03658,Hue Cafe Roastery,10.8083002,106.7333452
HCM_03659,Cà Phê Lam,10.8293807,106.7288708
HCM_03660,Cà Phê Ngôi Nhà Gỗ,10.8466489,106.7510356
HCM_03661,Cà Phê Mansion,10.8105778,106.7175219
HCM_03662,Nhà Hàng Quán Lúa,10.835612,106.7921997
HCM_03663,Cà Phê Morning,10.8182052,106.7193317
HCM_03664,Nhà Hàng Bo Tơ Hồng Đào,10.8014323,106.7450753
HCM_03665,Cửa Hàng Pizza 4P's,10.8026438,106.7308607
HCM_03666,Escape Lounge and Rooftop Bar,10.8022864,106.7381455
HCM_03667,Cà Phê La La Land,10.8373475,106.772773
HCM_03668,Nhà Hàng Lá Mía,10.806175,106.714535
HCM_03669,Highlands Coffee,10.8032599,106.7322501
HCM_03670,Nhà Hàng La Crêperie,10.8069002,106.7298772
HCM_03671,Cà Phê 60s,10.8347028,106.7612766
HCM_03672,Starbucks,10.8020389,106.7487917
HCM_03673,Cà Phê Phúc Long,10.8019212,106.7483353
HCM_03674,Cà Phê Runam Boutique,10.8018907,106.748093
HCM_03675,Nhà Hàng El Gaucho Argentinian Steakhouse,10.8018336,106.7478741
HCM_03676,The Pizza Company,10.8020082,106.7488714
HCM_03677,Lotteria,10.8013973,106.7466412
HCM_03678,Highlands Coffee,10.8016428,106.747207
HCM_03679,Lotteria,10.8005158,106.743046
HCM_03680,Surf Shak (burger),10.8056356,106.7321369
HCM_03681,Lotteria,10.8025909,106.7412322
HCM_03682,The Pizza Company,10.8005625,106.7411469
HCM_03683,The Pizza Company,10.8024282,106.7405509
HCM_03684,Highlands Coffee,10.8021446,106.740627
HCM_03685,McDonald's Vincom Mega Mall Thảo Điền,10.8024419,106.7415654
HCM_03686,Buffalo Wild Wings,10.8038845,106.7371802
HCM_03687,Eddie's New York Diner,10.8061409,106.7352153
HCM_03688,District Federal,10.8035553,106.7341857
HCM_03689,Nhà Hàng Ụt Ụt,10.8034407,106.7323648
HCM_03690,The Coffee House,10.815243,106.7078631
HCM_03691,Dairy Queen,10.801787,106.7480191
HCM_03692,KFC,10.8018645,106.7482409
HCM_03693,Nhà Hàng Hum Vegetarian,10.804141,106.7441455
HCM_03694,Nhà Hàng - Bar Evita,10.811653,106.7313521
HCM_03695,Tara Coffee,10.8430248,106.7271273
HCM_03696,Mon coffee,10.8849417,106.7086385
HCM_03697,Sushi To,10.8012108,106.7444236
HCM_03698,KFC,10.8201126,106.7726442
HCM_03699,Kiếm Thẻ Caò,10.8824611,106.7592056
HCM_03700,Quán Chay Cát Huệ,10.801633,106.7188757
HCM_03701,Quán Ốc Mắm Sữa,10.8006097,106.7007502
HCM_03702,Cà Phê Sân Vườn Cá Koi,10.8378883,106.7454765
HCM_03703,Cà Phê Ta,10.8219952,106.7174611
HCM_03704,Cà Phê Hùng,10.8222843,106.7179174
HCM_03705,Thy - Cà Phê Võng,10.8233687,106.7174756
HCM_03706,Cà Phê Ex,10.8235174,106.7173957
HCM_03707,Khách Sạn Amura,10.8246228,106.7192371
HCM_03708,Khách Sạn Hoàng Long Sơn,10.8245977,106.7192812
HCM_03709,Cà Phê Be Tone,10.8252631,106.7190383
HCM_03710,Khách Sạn Thiên pHÚ,10.8252293,106.7191422
HCM_03711,Cà Phê Milano,10.823793,106.7192411
HCM_03712,Hải Sản Nha Trang,10.8233291,106.7194157
HCM_03713,Khách Sạn Nguyễn Anh,10.8248123,106.719285
HCM_03714,Cà Phê Năm,10.8221211,106.7196252
HCM_03715,Cà Phê TNT,10.8216433,106.7194924
HCM_03716,Thố - Nhà Hàng Ẩm Thực,10.8217497,106.719602
HCM_03717,Cà Phê Năm,10.8232924,106.7229885
HCM_03718,Cà Phê Đại Nguyên,10.823812,106.7193105
HCM_03719,Lẩu Dê Thanh Bình,10.8234577,106.719371
HCM_03720,Cà Phê Phố Đêm,10.823436,106.7192542
HCM_03721,Cà Phê Thảo Nguyên,10.8236345,106.7236943
HCM_03722,Cà Phê Thanh,10.8237422,106.7237142
HCM_03723,Cà Phê Pirok,10.8272956,106.7188122
HCM_03724,Cà Phê Pal,10.8244213,106.7269877
HCM_03725,Khách Sạn Hưng Triệu,10.8275867,106.7181674
HCM_03726,Khách Sạn Thiên Hồng Phúc,10.8270574,106.7176726
HCM_03727,Khách Sạn Kim Thư,10.8270309,106.7176342
HCM_03728,Cà Phê Men,10.8262111,106.7173982
HCM_03729,Tiệm Cà Phê Nguyên Chất,10.8259737,106.7190682
HCM_03730,Cà Phê Star,10.8265065,106.7174447
HCM_03731,Cà Phê Anh Thư,10.8265513,106.7190539
HCM_03732,Cà Phê Huyền,10.8243356,106.7137008
HCM_03733,Cà Phê Cây Sung,10.8232808,106.7142641
HCM_03734,Cà phê Xuân,10.8227695,106.7141418
HCM_03735,Cà Phê Trang,10.8240034,106.7139154
HCM_03736,Cà Phê Tươi,10.824582,106.7141352
HCM_03737,Cà Phê Nhà Đất,10.8256348,106.7147076
HCM_03738,Cà Phê 61,10.8259439,106.7154253
HCM_03739,Cà Phê Vỉa Hè,10.8267816,106.7144215
HCM_03740,Cà Phê Ngọc Quỳnh,10.8265908,106.7130773
HCM_03741,Cà Phê Nhung,10.826488,106.7128065
HCM_03742,Cà Phê - Rửa Xe Mai Linh,10.8267082,106.7136253
HCM_03743,Cà Phê Hà,10.826628,106.7132092
HCM_03744,Cà Phê Hồng,10.8264726,106.7125845
HCM_03745,Cà Phê Hương Chiều,10.8261019,106.7111641
HCM_03746,Cà Phê Thuý,10.8256909,106.7103338
HCM_03747,Cà Phê Thi,10.8279507,106.7214713
HCM_03748,Cà Phê Trúc Việt,10.8269866,106.7226186
HCM_03749,Cà Phê Cây Sung,10.8267452,106.7217596
HCM_03750,Quán Cà Phê Hanover,10.827167,106.7228547
HCM_03751,Tiệm Nước Mía,10.8271116,106.7226964
HCM_03752,Cà Phê Đại Nguyên,10.8271891,106.7218643
HCM_03753,Khách Sạn Bạch Mai,10.8315047,106.72463
HCM_03754,Nhà Nghỉ Bích Vân,10.8313509,106.724594
HCM_03755,Cà Phê Ty Ty,10.8298429,106.7225205
HCM_03756,Bán Cà Phê Mang Đi,10.8295357,106.7222302
HCM_03757,Nước Mía Chị Loan,10.8294011,106.7219797
HCM_03758,Cà Phê Vân,10.8291689,106.7214032
HCM_03759,Cà Phê Chơi,10.8282951,106.7209455
HCM_03760,Cà Phê Thiên Thanh,10.8283924,106.7204367
HCM_03761,Nhà Hàng Ẩm Thực Nai Vàng,10.8558985,106.7702989
HCM_03762,Pasha Garden Lounge,10.8066273,106.7346616
HCM_03763,Cà Phê Milano,10.8122687,106.7103955
HCM_03764,Bún Đậu Mắm Tôm Mạc Văn Khoa,10.8120888,106.7126575
HCM_03765,Three O'Clock - Nguyễn Gia Trí,10.8021043,106.7156969
HCM_03766,Nhà Hàng Mekong Merchant Saigon,10.8033867,106.7375382
HCM_03767,Nhà Hàng Nướng BBQ,10.8042803,106.7378597
HCM_03768,Nhà Hàng Bulgogi BBQ Matchandeul,10.801575,106.7378091
HCM_03769,Khách sạn Common Inn,10.8028798,106.7326826
HCM_03770,Nhà Hàng Maison Marou,10.8036044,106.7345714
HCM_03771,Quán Bar Aperitivo,10.8034516,106.7337333
HCM_03772,Nhà Hàng The Vintage Emporium,10.8024354,106.7338211
HCM_03773,Nhà Hàng L'usine,10.8042358,106.7372651
HCM_03774,Nhà Hàng The Brix - Eatery & Bar Lounge,10.8050409,106.7403521
HCM_03775,Cộng Cà Phê,10.8042032,106.7357279
HCM_03776,Nhà Hàng Phổ Đình - Uraetei Yakiniku,10.8019994,106.7385275
HCM_03777,The Coffee House,10.8036583,106.7327832
HCM_03778,Nhà Hàng Kashew Cheese Deli,10.8033937,106.7392197
HCM_03779,Gigamall Thủ Đức,10.8276722,106.721539
HCM_03780,Guta Cafe - Bến Xe Miền Đông Cổng 3,10.8137277,106.7102166
HCM_03781,Nhà hàng Sesan,10.8438197,106.7668993
HCM_03782,Công Viên Chung cư Sunview Town,10.865904,106.7285126
HCM_03783,Nhà hàng Năm Lửa 18,10.8653427,106.7341423
HCM_03784,The Snap Cafe,10.805285,106.7404338
HCM_03785,SSA Sports Center,10.8068271,106.7385906
HCM_03786,Jiangnam Coffee,10.886052,106.7819323
HCM_03787,Chợ Đêm Man Thiện,10.8500849,106.7963248
HCM_03788,Xoăn Coffee - Vòng Xoay Liên Phường,10.8043464,106.7917846
HCM_03789,Làng Nướng Gió Chiều,10.8266977,106.7302676
HCM_03790,Cây Sứ Quán - Phong Cua,10.8236226,106.7318992
HCM_03791,Nhà Hàng Hoa Lộc Vừng,10.8377935,106.7021763
HCM_03792,Quán Hoa Viên 102,10.837341,106.7890457
HCM_03793,Nhà Hàng Bên Sông,10.8296093,106.7330103
HCM_03794,Tiệm Bánh Huỳnh Xuyên,10.8487519,106.7718003
HCM_03795,Rawberry,10.8046769,106.7285742
HCM_03796,Namara Hokkaido,10.8023199,106.7328377
HCM_03797,YEN Sushi & Sake Pub,10.8036114,106.7329637
HCM_03798,Gong Cha Thảo Điền Pearl,10.8015102,106.7331096
HCM_03799,Phuc Long Premium,10.8039153,106.7351901
HCM_03800,Highlands Coffee,10.8647717,106.7594531
HCM_03801,Luna Milk Tea & Coffee,10.8574941,106.7611107
HCM_03802,Panda Coffee & Tea,10.8583753,106.7614245
HCM_03803,Sun Shine Coffee & Tea,10.8583687,106.761556
HCM_03804,Highlands Coffee,10.8586348,106.7588178
HCM_03805,Tiger Sugar,10.8607735,106.7609746
HCM_03806,The Coffee House,10.8567529,106.7644095
HCM_03807,Highlands Coffee,10.8564307,106.7657556
HCM_03808,Phúc Long,10.8554444,106.7559456
HCM_03809,GHILL Coffee,10.8558769,106.7559473
HCM_03810,Cơm Tấm Phúc Lộc Thọ,10.8528995,106.754469
HCM_03811,Terraviva Pizza,10.809014,106.7536967
HCM_03812,Quán Chay Vọng Cát,10.8389613,106.7672396
HCM_03813,Burger King,10.8040701,106.7373667
HCM_03814,Lâu Đài Phố,10.866981,106.7555532
HCM_03815,Lacof Coffee,10.8679214,106.7554486
HCM_03816,Highlands Coffee,10.8684502,106.7760822
HCM_03817,Lotteria,10.8712226,106.7690142
HCM_03818,Highlands Coffee,10.87117,106.7691576
HCM_03819,King BBQ,10.889513,106.7755795
HCM_03820,Spicy Box,10.8891428,106.7756321
HCM_03821,Lẩu Bò Sài Gòn,10.889065,106.7756992
HCM_03822,Highlands Coffee,10.8891195,106.7758909
HCM_03823,Lotteria,10.8897076,106.7757244
HCM_03824,Jollibee,10.8893495,106.7754426
HCM_03825,Com Nieu D2,10.8057205,106.7145761
HCM_03826,Hai Tee Coffee & Tea,10.8650851,106.7615962
HCM_03827,Nhà Hàng Phước Xanh,10.8750611,106.7584236
HCM_03828,Coffee House,10.8470481,106.7601432
HCM_03829,Lux Wine,10.8418449,106.7063487
HCM_03830,Raku Ramen Bar,10.8029796,106.7365072
HCM_03831,Lê Khánh,10.8503159,106.7811273
HCM_03832,ACC Panel miền nam,10.8439581,106.7130531
HCM_03833,Tịệm Nướng Lẩu Cô Chủ Nhỏ,10.8084473,106.7167195
HCM_03834,Bách Việt 9999,10.8277812,106.7313756
HCM_03835,Hotel Tân Thiên Hương,10.8456706,106.7460109
HCM_03836,Pingu's Burger,10.8092321,106.7339752
HCM_03837,Parkhaus Thao Dien,10.8015856,106.7286936
HCM_03838,Hue Cafe,10.8036984,106.7338951
HCM_03839,Morning Coffee,10.8171142,106.7200503
HCM_03840,La Fontaine French Bistrot,10.8151095,106.7272926
HCM_03841,Good morning house,10.8167889,106.7285705
HCM_03842,Nhà hàng,10.8167751,106.7289458
HCM_03843,objoff,10.8116767,106.7348002
HCM_03844,Mixue,10.8016529,106.7123072
HCM_03845,Cú Trên Cây Coffee,10.8040968,106.7214766
HCM_03846,An Tea & Coffee,10.869183,106.7876826
HCM_03847,Feel Coffee & Tea Express,10.8691462,106.7876786
HCM_03848,Bluish Cafe,10.8092487,106.7334551
HCM_03849,Olak Coffee,10.8232689,106.7691683
HCM_03850,Starbucks,10.8051025,106.7518708
HCM_03851,Góc chill cafe,10.8542155,106.7978561
HCM_03852,Chill corner,10.8542674,106.7978822
HCM_03853,Bãi chờ ra ca đi nhậu,10.8534256,106.7965294
HCM_03854,Café UEL,10.8702063,106.7790481
HCM_03855,Du Yên,10.804257,106.7444657
HCM_03856,Bún Đậu Mắm Tôm Gánh Chi Nhánh II,10.8844346,106.7832242
HCM_03857,Nhà hàng Bình An,10.8327857,106.7390281
HCM_03858,Chay Garden,10.8029959,106.7312513
HCM_03859,Zeroism Vegan,10.804863,106.7285272
HCM_03860,Bún đậu Thị Nở (cơ sở 5),10.8854089,106.7824598
HCM_03861,Xinh Xinh,10.848348,106.7708841
HCM_03862,Double Vitamin,10.8486488,106.7717381
HCM_03863,Burger Boss,10.8037221,106.7282779
HCM_03864,"Sạp cá viên chiên, vịt lộn",10.8283613,106.7030962
HCM_03865,Trà Tắc,10.8284189,106.7030742
HCM_03866,"Bánh tráng nướng, hot dog",10.8284017,106.7030722
HCM_03867,Matsuri Japanese Restaurant - Thảo Điền,10.8025169,106.7408288
HCM_03868,Cơm Tấm Kiến Quốc,10.854086,106.7701929
HCM_03869,Nhứt Phở,10.8540611,106.7700132
HCM_03870,Cái Cối,10.8036685,106.7283026
HCM_03871,Cái Tổ Chim,10.8106214,106.7600662
HCM_03872,"The Cloudest - Swim, Dine & Vibe",10.810615,106.7603009
HCM_03873,Râm Ran,10.8018321,106.7291012
HCM_03874,Bếp Nhà Cô Ninh,10.801873,106.7292227
HCM_03875,Kichi-Kichi,10.8023686,106.740211
HCM_03876,Texas Chicken,10.8024031,106.7403894
HCM_03877,Basta Hiro,10.8023963,106.7402701
HCM_03878,Chảo Cá,10.8024631,106.7408739
HCM_03879,Trống Cơm,10.8024447,106.7406922
HCM_03880,Dookki,10.8023612,106.7400925
HCM_03881,Mala Thái,10.8108849,106.7184543
HCM_03882,Tiệm Mì Chay Chan Chan,10.8043354,106.7336341
HCM_03883,Wagwel Feline,10.8047212,106.7402537
HCM_03884,Wagwel Canine,10.8047258,106.7401389
HCM_03885,An's Saigon,10.8061069,106.7322612
HCM_03886,TAO BANH MI CAFE,10.8029248,106.7303513
HCM_03887,Chay Lam,10.8109693,106.7185548
HCM_03888,SA original tea and coffee,10.8091252,106.7080672
HCM_03889,PASTA CLUB,10.8047339,106.7399389
HCM_03890,QUÁN BỤI,10.8029128,106.7385838
HCM_03891,Aramour Coffee Roasters Thao Dien,10.8047856,106.7318676
HCM_03892,Phở Bùi Gia Thảo Điền,10.8030828,106.7318264
HCM_03893,Simple Place,10.8139864,106.7335904
HCM_03894,Pizza 4P's,10.8019711,106.7489422
HCM_03895,Yeshi Taiwanese Kitchen,10.804997,106.7368769
HCM_03896,SOO 秀 COFFEE _ DQ,10.8035894,106.7288214
HCM_03897,MANUKA.MEE,10.8038328,106.7359928
HCM_03898,Sinh Tố - Xuân Thủy,10.8031882,106.7320594
HCM_03899,Taco Place,10.8059103,106.7351238
HCM_03900,Soha plant-based,10.8061023,106.7407569
HCM_03901,Nhá Háng Chay Thiền Trúc,10.8396644,106.7138542
HCM_03902,Yummy Cơm Gà Hải Nam,10.8026808,106.728849
HCM_03903,Nhà Hàng Chay Nhoàn,10.8089617,106.7536087
HCM_03904,Quán chay Diệu Quyên,10.8467031,106.798902
HCM_03905,Zeroism Vegan,10.8038193,106.7283536
HCM_03906,Quán chay Thôi Kệ,10.8462053,106.7967492
HCM_03907,Cơm chay Thiện Tâm,10.8421706,106.7983766
HCM_03908,Lẩu chay Thiện Ý 2,10.8319009,106.7676759
HCM_03909,Cơm chay Phước Thiện,10.8319795,106.7673134
HCM_03910,Nhàn Chay,10.8040116,106.7146671
HCM_03911,Nexus House Retreat Lang Bao Chi,10.8092849,106.7340996
HCM_03912,Panda Garden Hotel & Apartment,10.805168,106.7427342
HCM_03913,Bcons City Hotel,10.893238,106.7930529
HCM_03914,Ristreet,10.8055309,106.7298958
HCM_03915,BOCĀO Basque Izakaya,10.8029885,106.7274172
HCM_03916,Xoài Coffee Èn Tea,10.8800513,106.7708242
HCM_03917,Amavi Kom & Vegan,10.8066811,106.7309352
HCM_03918,The Muse,10.8100244,106.7511472
HCM_03919,DNM Hospitality,10.8041275,106.7301078
HCM_03920,CHOWA HOME by DNM Hospitality,10.8040971,106.7301967
HCM_03921,GO VILLA by DNM Hospitality,10.8018869,106.7346611
HCM_03922,Hủ Tiếu Nam Vang A - Lú,10.8086964,106.7331432
HCM_03923,Căn tin A,10.8513461,106.7710633
HCM_03924,Căn tin KTX,10.8711157,106.7905609
HCM_03925,Cơm Niêu,10.8480772,106.7747877
HCM_03926,Cơm Tư Hùng,10.847712,106.767453
HCM_03927,Công viên sau trường Nguyễn Hữu Huân,10.8472656,106.7681705
HCM_03928,Nhà hàng tiệc cưới EmiPalace,10.8411399,106.7677316
HCM_03929,Mì Hà Lan,10.8485653,106.7703284
HCM_03930,Công viên quận 9,10.8441831,106.7791511
HCM_03931,Trung Nguyên Coffee,10.8493959,106.7721922
HCM_03932,Công viên Thảo Điền,10.8076796,106.7402951
HCM_03933,Giang Quán,10.8467836,106.7231188
HCM_03934,Cà Rốt Cafe,10.8466707,106.7234267
HCM_03935,NiNo Cafe,10.8478797,106.7230474
HCM_03936,KDC Him Lam - Sân chơi,10.8325778,106.7547445
HCM_03937,Trà Tiên Hưởng,10.8016038,106.7144255
HCM_03938,Vincom Plaza Thủ Đức,10.8499711,106.7651648
HCM_03939,Vincom Megamall Thảo Điền,10.8023666,106.740878
HCM_03940,Coastal,10.8074481,106.7460048
HCM_03941,Nhà chế biến thực phẩm,10.8840614,106.7788283
HCM_03942,Công viên Bờ kè Gia Long,10.8981994,106.7014337
HCM_03943,Đài Tưởng niệm Liệt sĩ Cầu Rạch Chiếc,10.8119488,106.7558259
HCM_03944,Nhà Hàng Lubu,10.8077384,106.7335377
HCM_03945,MossCoffee,10.8457755,106.7656543
HCM_03946,Kem Pinocchio,10.8473058,106.7702322
HCM_03947,Nướng Lẩu 3S,10.8275575,106.7191971
HCM_03948,Công viên Tầm Vu,10.8166626,106.7152866
HCM_03949,Cà phê Tím,10.8642759,106.7012122
HCM_03950,Giga Mall Phạm Văn Đồng,10.8278719,106.7216284
HCM_03951,Vườn tượng Danh nhân,10.8705575,106.7794164
HCM_03952,Nhà ăn UEL,10.8713083,106.7776863
HCM_03953,Trung Tâm Thương Mại Estella,10.8017598,106.7485681
HCM_03954,Cantavil Mall,10.8014554,106.7469576
HCM_03955,Ciao Cafe,10.8015455,106.7489245
HCM_03956,Vườn hoa Trường Kiểm sát,10.8477773,106.7932517
HCM_03957,Vườn hoa Nguyễn Thái Bình,10.8720125,106.7885491
HCM_03958,Nhà hàng Mimosa,10.8724503,106.7905938
HCM_03959,Kieu Giang,10.8392288,106.7689841
HCM_03960,Công viên Thống Nhất,10.8450534,106.7691157
HCM_03961,Công viên phường Linh Chiểu,10.8550938,106.7636694
HCM_03962,Công viên Moonlight,10.844981,106.7633984
HCM_03963,Công viên đường số 9,10.856979,106.7683715
HCM_03964,Công viên Thanh niên,10.8484247,106.7879937
HCM_03965,Công viên Phú Đông Citizen,10.8665902,106.755497
HCM_03966,Relax Coffee,10.8153225,106.7781694
HCM_03967,365 Napoli Pizza,10.8046528,106.7356598
HCM_03968,Con Voi,10.8044509,106.7352564
HCM_03969,Al Frescos,10.8041969,106.7355557
HCM_03970,Ashima Mushroom Hotstop,10.8042637,106.7359156
HCM_03971,Olé Saigon Restaurant,10.8094648,106.7304275
HCM_03972,Công viên Dĩ An,10.8981992,106.7670627
HCM_03973,Công viên Nhà nghỉ Công đoàn,10.8184449,106.7181983
HCM_03974,Công viên bờ sông Thanh Đa,10.8181333,106.7156763
HCM_03975,Công viên Thanh Đa,10.8164816,106.7221217
HCM_03976,Villa Sông Sài Gòn,10.8157159,106.7339469
HCM_03977,Nhâm Coffee,10.8007225,106.7069903
HCM_03978,WKND,10.8065107,106.7338292
HCM_03979,Capone’s Chicago Deep Dish Pizza & Street Food,10.8017928,106.7287263
HCM_03980,Nhà khách A11,10.882661,106.7418831
HCM_03981,Trung tâm Nhà hàng Tiệc cưới Hải Yến,10.8862385,106.7370976
HCM_03982,El Gaucho,10.8038622,106.7346268
HCM_03983,Công viên trung tâm HCA,10.8125677,106.7025268
HCM_03984,Công viên KDC Thành Ủy,10.8230928,106.7199528
HCM_03985,Ốc Dì Toàn,10.8031198,106.7153052
HCM_03986,Công Viên Kiến Á Q9,10.8043501,106.7830762
HCM_03987,Trung tâm Hội nghị - Tiệc cưới Claris Palace,10.8471125,106.7209835
HCM_03988,Bing Long Ice cream And Tea,10.8863948,106.7816727
HCM_03989,86 Cafe & Milktea,10.8848521,106.7831681
HCM_03990,Woori Coffee,10.8863641,106.7817276
HCM_03991,Cô Ba Coffee & Tea,10.8866609,106.7815676
HCM_03992,Panda House,10.8864379,106.7817804
HCM_03993,Bún đậu mắm tôm Nem nướng Nha Trnag,10.8865003,106.7816578
HCM_03994,Keybox Kafe,10.88596,106.7823191
HCM_03995,Bún đậu mắm tôm Thằng Bờm 3,10.8862964,106.7818544
HCM_03996,Bánh canh cá lóc Khoai Lang 7,10.88614,106.7818846
HCM_03997,Net SAMURAI Gaming & Coffee,10.8857184,106.7822874
HCM_03998,Daegu,10.8856392,106.782369
HCM_03999,Kôphin Coffee,10.8855356,106.7824304
HCM_04000,Seoul,10.8853616,106.7826525
HCM_04001,Oxy,10.8852362,106.7827611
HCM_04002,Cloud Coffee,10.8849508,106.7830683
HCM_04003,Six Coffee,10.8850886,106.782876
HCM_04004,Be Nuts,10.8032702,106.7317091
HCM_04005,Mì Quảng Bà Cẩm,10.8265082,106.7030636
HCM_04006,Mia Saigon Luxury Boutique Hotel,10.8099887,106.751104
HCM_04007,Bếp,10.8628441,106.7830938
HCM_04008,Phòng khách,10.8628482,106.7830465
HCM_04009,Belgica,10.8167812,106.7324644
HCM_04010,NEW 402 RESTAURANT,10.818831,106.7021604
HCM_04011,Phở Khô,10.8152727,106.7131007
HCM_04012,The Link Café,10.8151488,106.7136886
HCM_04013,Thích ca Phật Đài,10.3746285,107.0705354
HCM_04014,Cổng Khu du lịch Chí Linh,10.3710949,107.1196423
HCM_04015,Mob C,10.3500121,107.069625
HCM_04016,Belly,10.335783,107.0716518
HCM_04017,Cơm Hướng Dương,10.3474676,107.0849796
HCM_04018,Binh Phuong Ho,10.3304184,107.084738
HCM_04019,KFC,10.3392475,107.0714697
HCM_04020,Bistro Nine,10.3488638,107.0727539
HCM_04021,UNO coffee,10.3294411,107.0779697
HCM_04022,Lan Trinh,10.3295363,107.0778103
HCM_04023,Cross,10.3732035,107.06319
HCM_04024,Ganh Hao I,10.3593757,107.0601368
HCM_04025,Rose,10.3532753,107.0638813
HCM_04026,Vuon Pho,10.3530284,107.0645765
HCM_04027,Ganh Hao II,10.3391431,107.0714021
HCM_04028,Phong,10.3373274,107.0914318
HCM_04029,Thanh nam,10.3343804,107.0895574
HCM_04030,Phung ha,10.3340304,107.0897355
HCM_04031,Mekong,10.3339876,107.089645
HCM_04032,Asia hotel,10.3336111,107.0895424
HCM_04033,Tuyet nhi,10.3335327,107.0895007
HCM_04034,Hoang Mai,10.3334567,107.0894716
HCM_04035,Đài Liệt sĩ,10.3489051,107.0927071
HCM_04036,Bạch Dinh,10.3507371,107.0683983
HCM_04037,Hải Hoàng,10.3497666,107.0784077
HCM_04038,Bánh bèo Tuyết Mai,10.3388111,107.0796958
HCM_04039,Phố Bùi Viện,10.3426053,107.075484
HCM_04040,Corner Bar,10.3426966,107.0751938
HCM_04041,Quán 95,10.3449689,107.0769911
HCM_04042,Cao Su,10.3403153,107.0889913
HCM_04043,Chợ Du lịch Vũng Tàu,10.3452023,107.0942967
HCM_04044,Imperial Hotel,10.3439802,107.0948997
HCM_04045,Mũi Đá,10.3392018,107.0709759
HCM_04046,Lotteria,10.3389908,107.0713886
HCM_04047,Khách sạn Sen Biển,10.3405303,107.0739102
HCM_04048,Vườn Đào,10.3680618,107.0811634
HCM_04049,Cafe Merastis,10.357303,107.0864464
HCM_04050,Karaoke Ngọc Giao II,10.3572845,107.086602
HCM_04051,Cá Ông,10.3542057,107.1042156
HCM_04052,Thành Phát 2,10.3867359,107.062057
HCM_04053,Highland Cafe,10.3431992,107.0945966
HCM_04054,Lotteria,10.352804,107.087269
HCM_04055,Manta,10.343923,107.082581
HCM_04056,Chợ Cô Giang,10.3549981,107.0787341
HCM_04057,Cafe Sinh Viên,10.349031,107.081795
HCM_04058,Như Thành,10.348873,107.081714
HCM_04059,Hoa Sen,10.348675,107.081591
HCM_04060,Lộc An,10.349308,107.081897
HCM_04061,Yum Yum,10.348907,107.081733
HCM_04062,T&T,10.34829,107.081258
HCM_04063,Garden III,10.3376918,107.0846435
HCM_04064,Khách sạn Bảo đảm Hàng hải,10.3314029,107.0743041
HCM_04065,Đồ Chiểu Bánh Cuốn,10.349422,107.0775094
HCM_04066,Gazebo,10.3345817,107.0722112
HCM_04067,Mr.Ket,10.340368,107.072845
HCM_04068,BBQ World,10.340656,107.073548
HCM_04069,Ô Cấp,10.3330985,107.0731491
HCM_04070,Ô Cấp 1,10.335003,107.0721776
HCM_04071,Chợ Xóm Lưới,10.3414775,107.0760829
HCM_04072,Bánh bèo Tuyết Mai,10.3396617,107.0793137
HCM_04073,Hoa Hồng,10.3441828,107.0918687
HCM_04074,Sunrise,10.345022,107.079741
HCM_04075,Bún cá Miền Tây,10.344996,107.079551
HCM_04076,Cafe Sambal,10.3491882,107.075018
HCM_04077,Huê Anh,10.3421247,107.0758474
HCM_04078,33 hotel,10.3380362,107.0892209
HCM_04079,Banh cuon,10.369606,107.076704
HCM_04080,Phở Cô Thảo,10.369648,107.076713
HCM_04081,Bò viên Hải Long,10.369734,107.07673
HCM_04082,Bánh khọt Bà Hai,10.34417,107.081469
HCM_04083,Quán 66,10.344071,107.079541
HCM_04084,Phương Nam,10.3303111,107.0859067
HCM_04085,Đồi Dừa,10.3294578,107.0861382
HCM_04086,Gành Hào,10.3611979,107.0607427
HCM_04087,Tháp Xá Lợi,10.3747737,107.070434
HCM_04088,Chon Chon,10.348217,107.075862
HCM_04089,Pizza Hut Ba Cu,10.353763,107.083301
HCM_04090,Urban station,10.35244,107.080597
HCM_04091,69,10.3563558,107.0835888
HCM_04092,Maxim's,10.3663799,107.0851301
HCM_04093,Quán lẩu bò Phát,10.3645939,107.0819051
HCM_04094,Binh An 2,10.3366528,107.0819604
HCM_04095,Phố Coffee,10.3456015,107.0769966
HCM_04096,Tai Nguyen,10.3592889,107.0976898
HCM_04097,Hotel Ming Dang,10.337831,107.0905461
HCM_04098,Tê Giác quán,10.3581194,107.0802381
HCM_04099,Cafe Vũng Tàu,10.3587116,107.0786993
HCM_04100,Dê Ninh Bình,10.3556532,107.0775485
HCM_04101,Khách sạn Công Đoàn,10.342587,107.0780951
HCM_04102,Bánh cuốn nóng,10.3538304,107.0746403
HCM_04103,Hoa Viên,10.3543228,107.0799106
HCM_04104,Lan Rung Spa & Resort,10.3265971,107.0812611
HCM_04105,Hoai An Hotel,10.3365736,107.0839933
HCM_04106,Red Parrot,10.3489233,107.0735273
HCM_04107,Off Shore Bar,10.3503743,107.0733979
HCM_04108,Vạn Chài,10.347995,107.0935497
HCM_04109,Highlands Coffee,10.3461803,107.0765392
HCM_04110,cafe HT,10.3894776,107.1018855
HCM_04111,cafe Ngọc Ánh,10.3895371,107.1019082
HCM_04112,cafe Bụi Trúc,10.389397,107.1018519
HCM_04113,quán Cô Thơm,10.389443,107.1018684
HCM_04114,Banh khot Co Ba,10.3409899,107.0788324
HCM_04115,M & K coffee,10.3424538,107.0764213
HCM_04116,Lien hoa vegetarian restaurant,10.3506892,107.0831187
HCM_04117,Thanh phat,10.3644979,107.0623756
HCM_04118,Son Dang Quan,10.3353969,107.0788886
HCM_04119,Paradise golf resort,10.3553489,107.1022852
HCM_04120,Biwon,10.3556945,107.1011613
HCM_04121,Highlands Coffee,10.3548564,107.084461
HCM_04122,Lucy's Sports Bar & Hotel,10.339938,107.0724197
HCM_04123,193,10.3680387,107.0819641
HCM_04124,Cá Cảnh Cafe,10.3544235,107.0875802
HCM_04125,Hun Tiền Nhau,10.3423955,107.0823993
HCM_04126,Café San Vườn,10.3476299,107.0751454
HCM_04127,360°,10.3481492,107.0720578
HCM_04128,Fang Pub,10.347527,107.0748753
HCM_04129,Rainbow Hotel,10.3388102,107.0719406
HCM_04130,My House,10.3395661,107.0722205
HCM_04131,Happy Diamonds,10.3401096,107.0726166
HCM_04132,Rainbow Bar,10.3388191,107.0718554
HCM_04133,Hoa Để nhất,10.3397865,107.0723938
HCM_04134,Mr. Park,10.3407147,107.0734167
HCM_04135,Hot Lips,10.3426275,107.0763482
HCM_04136,Vibe Bar,10.3425682,107.0758446
HCM_04137,Jack's Bearded Clam Bar,10.3425347,107.0766413
HCM_04138,Lucky Horse Shoe,10.3424962,107.07616
HCM_04139,Ga Lang,10.3427219,107.0752519
HCM_04140,Sweet Heart,10.342599,107.0764218
HCM_04141,Alibaba,10.3426126,107.0763898
HCM_04142,Cucumber,10.3425775,107.0765194
HCM_04143,Mỹ Phước Hotel,10.3426406,107.0763029
HCM_04144,Partea,10.3381598,107.0851074
HCM_04145,Hu Tieu Muc,10.3391776,107.0847141
HCM_04146,Yummy! Yummy!,10.3426063,107.0776996
HCM_04147,Sophie,10.3480823,107.0736544
HCM_04148,6D,10.3430931,107.0793464
HCM_04149,VTS,10.338023,107.0717402
HCM_04150,Cà Phê Ông Già,10.3585428,107.0789177
HCM_04151,Lucky Hotel,10.336486,107.0825032
HCM_04152,cafe Moc diem tam buoi sang,10.3368302,107.0849778
HCM_04153,Thanh Xuân,10.3331026,107.0817578
HCM_04154,Bánh cuôn Nam dinh,10.3697202,107.0839827
HCM_04155,Lau bo nam vang,10.3894913,107.1038419
HCM_04156,Công Ty TNHH Thương Mại Dịch Vụ Thái Bảo,10.3488837,107.0791199
HCM_04157,hủ tiếu tùng hung (hủ tiếu chui),10.34886,107.0789495
HCM_04158,Cafe Hương Tràm 1,10.3989818,107.1164879
HCM_04159,Bún Bò Huế Hương Giang,10.3696766,107.0840054
HCM_04160,Bãi tắm Thủy Tiên,10.371436,107.1242939
HCM_04161,Pho ha noi,10.3543232,107.0847911
HCM_04162,Highland Coffee,10.33577,107.0864344
HCM_04163,Pho Tai Nam Dinh,10.385781,107.0978157
HCM_04164,Nhà úp ngược VT,10.3555084,107.0773744
HCM_04165,nhà nghỉ vũng tàu,10.3384284,107.0897122
HCM_04166,Bánh cuốn Phương Uyên,10.3987214,107.1161816
HCM_04167,Thuân Phúc,10.3395358,107.0833272
HCM_04168,Thuy Van,10.3342266,107.0897555
HCM_04169,A Tú,10.3363982,107.0906299
HCM_04170,Minh Hiền,10.3386496,107.0891488
HCM_04171,Quán 79,10.3325371,107.0891939
HCM_04172,Lightroom,10.3369773,107.0723077
HCM_04173,Khách Sạn Phương Đông,10.3428228,107.0912844
HCM_04174,Sushi Lounge,10.3588512,107.0901666
HCM_04175,Café & Tea Yoko,10.3376319,107.085517
HCM_04176,Ốc Cô Quyền,10.3392881,107.0878857
HCM_04177,Quán Cô Nên,10.3525502,107.0651625
HCM_04178,Bạch Đằng,10.3463505,107.0744113
HCM_04179,Anh Anh,10.3487176,107.0749995
HCM_04180,Bahn Khot 14,10.3406815,107.0789281
HCM_04181,Bahn Khot Cay Sung,10.3405686,107.0799963
HCM_04182,Hoa,10.3469513,107.0793467
HCM_04183,Bicycle Hotel,10.3330265,107.0819118
HCM_04184,Augusta Coffee,10.3596573,107.0907892
HCM_04185,You & Me Cafè Bar,10.3332614,107.081824
HCM_04186,Chợ Bến Đình,10.3721127,107.0766337
HCM_04187,Khách sạn Điện lực,10.3304051,107.0872231
HCM_04188,Ngon 15,10.3421556,107.0792281
HCM_04189,hủ tíu Anh Dương 20k,10.3327338,107.081981
HCM_04190,Cơm Tấm 67,10.3482693,107.0786445
HCM_04191,Urban Coffee Bar,10.3643295,107.0838716
HCM_04192,An Khánh,10.3644939,107.083713
HCM_04193,Song Hỷ Trà,10.3478758,107.0739228
HCM_04194,Rooftop Coffee - Nhà hàng Sân Thượng,10.347677,107.0745664
HCM_04195,Phương Nam Book Coffee,10.3473267,107.073175
HCM_04196,Paddy,10.3425533,107.0751838
HCM_04197,R&R,10.3424458,107.0751595
HCM_04198,Phi Long Tea,10.3477357,107.0737229
HCM_04199,Cafe Bảy,10.3421159,107.0750814
HCM_04200,Wonderful Bar,10.3425116,107.0751703
HCM_04201,Mary Book Coffee,10.3478069,107.0738223
HCM_04202,Lam Đường,10.3531131,107.1018731
HCM_04203,Bún riêu Ngọc Anh,10.3483175,107.0745557
HCM_04204,Hủ tiếu mì Cô Oanh,10.3499849,107.0767468
HCM_04205,Hoa Biển,10.3484172,107.071764
HCM_04206,Cafe Trẻ,10.354108,107.0833949
HCM_04207,Letto,10.3563282,107.0826499
HCM_04208,Mai Lâm,10.3546881,107.1006268
HCM_04209,Ngọc Tước,10.345519,107.09183
HCM_04210,Lẩu,10.3373925,107.0896433
HCM_04211,Nam Anh,10.3506921,107.0952562
HCM_04212,Ti Ami,10.3554831,107.1000006
HCM_04213,Quán 27,10.337142,107.0896326
HCM_04214,Lan Hương,10.3373963,107.0897643
HCM_04215,Tuấn Hưng,10.3372445,107.0895087
HCM_04216,Khu Nhà Rông,10.3628222,107.1110098
HCM_04217,Quán 78 Lẩu Cá Đuối,10.3440049,107.0798411
HCM_04218,Nguyễn Công Trứ,10.3420618,107.0768538
HCM_04219,B2B Food & Drink,10.3444221,107.0797269
HCM_04220,Bánh mì Cây Điệp,10.3444387,107.0799271
HCM_04221,Bún chả cá Quy Nhơn,10.3442511,107.0799072
HCM_04222,Lotteria,10.3499579,107.0939718
HCM_04223,Tiến An,10.3624675,107.061731
HCM_04224,Cafe Thanh Trúc,10.3639558,107.0617009
HCM_04225,Eo Biển Xanh,10.3652235,107.062334
HCM_04226,Nathalie's,10.3797226,107.0560762
HCM_04227,Phố Biển,10.3864252,107.0588785
HCM_04228,Tân Phát,10.3865609,107.0615091
HCM_04229,Bảo Trâm,10.3762933,107.0706825
HCM_04230,Bánh Mì Xíu Mại,10.3759331,107.0706244
HCM_04231,Gành Hào,10.3601364,107.0603327
HCM_04232,Hàu Biển,10.3614553,107.0612345
HCM_04233,Miến Lươn Xứ Nghệ,10.3701168,107.0880298
HCM_04234,Bamboo Garden,10.3502281,107.0731414
HCM_04235,Quán Sơn Nga,10.3662287,107.0763874
HCM_04236,Milano Boo,10.3687741,107.0896649
HCM_04237,Milano,10.3396712,107.0723868
HCM_04238,Lập Thành,10.3489902,107.0770755
HCM_04239,Lax,10.3492045,107.0772388
HCM_04240,Hai Lang,10.3496223,107.078003
HCM_04241,I-sushi,10.3491358,107.0775131
HCM_04242,Chè Thái A Khèn,10.3492781,107.0778737
HCM_04243,Hot Dog,10.3507604,107.0777669
HCM_04244,Hoàng Yến,10.3515402,107.0723112
HCM_04245,Pizza Hut,10.3538367,107.0834559
HCM_04246,Phú Long,10.3494869,107.0776988
HCM_04247,Thái Phở Quyền,10.3607971,107.0915065
HCM_04248,Món Ngon Hải Phòng,10.349347,107.0774225
HCM_04249,Bánh cuốn nóng 29 Đồ Chiểu,10.349449,107.0776161
HCM_04250,Trà quán Cát Khánh,10.3611041,107.0916948
HCM_04251,Góc Phố,10.3493028,107.0740954
HCM_04252,Cafe USA,10.3608212,107.0920718
HCM_04253,Lẩu cá đuối Út Mười,10.3427629,107.0776616
HCM_04254,Kem Đá,10.3465476,107.0759846
HCM_04255,Ngon City,10.3425785,107.0777917
HCM_04256,Coc Coc,10.3488726,107.0754925
HCM_04257,Bảo tàng Vũ khí cổ Robert Taylor,10.3511342,107.0748
HCM_04258,Cơm tấm,10.3756046,107.0711231
HCM_04259,Kenny,10.3863715,107.0587903
HCM_04260,Nathalie's,10.3798074,107.0560652
HCM_04261,Motel sân vườn 192,10.3732696,107.0567948
HCM_04262,Bãi Dâu,10.3712618,107.0588547
HCM_04263,OrientKafe,10.3711484,107.0590398
HCM_04264,Laura,10.368517,107.0626085
HCM_04265,Laura,10.3684423,107.0625064
HCM_04266,Thanh Linh,10.3683226,107.0625293
HCM_04267,Hồng Thanh,10.3684994,107.0644444
HCM_04268,Vinh Phú,10.3677,107.0629612
HCM_04269,Pho Bien,10.3669533,107.0626527
HCM_04270,đoàn 28,10.3663201,107.062937
HCM_04271,Pho,10.3641064,107.061891
HCM_04272,Hotel Sai Gon,10.3765647,107.1157968
HCM_04273,Tiết Nga,10.336679,107.0905385
HCM_04274,Sea View,10.3762213,107.1134893
HCM_04275,Ngọc Thuỷ,10.3366161,107.0905074
HCM_04276,Cây Dừa,10.3373092,107.089778
HCM_04277,Motel Hải Phong,10.3372577,107.0898293
HCM_04278,Motel 16,10.3372454,107.0899057
HCM_04279,Nhật Hải,10.3368283,107.0906147
HCM_04280,Lan Rung,10.3268215,107.080684
HCM_04281,Hòn Rù Rì,10.3503294,107.0675322
HCM_04282,One More Night,10.3474933,107.075283
HCM_04283,Trí Đức,10.3369001,107.0906957
HCM_04284,Ngôi nhà số 15,10.3476874,107.0752871
HCM_04285,Tháng Mười,10.339329,107.0918474
HCM_04286,Hủ Tíu Hưng Ký,10.3698892,107.0765254
HCM_04287,Lẩu Bò 69 Lê Lai,10.3566572,107.0836761
HCM_04288,Sai Gon Silicon,10.3365603,107.0711884
HCM_04289,Dingtea,10.359925,107.0784477
HCM_04290,Út Mười,10.3448377,107.0797067
HCM_04291,Café Moment,10.3432629,107.078392
HCM_04292,Café Olivia,10.3461177,107.0779948
HCM_04293,Hợp Thành,10.350105,107.0774568
HCM_04294,Badminton Coffee,10.3762887,107.1147355
HCM_04295,Cây Me Ngọt,10.3489051,107.0786382
HCM_04296,Hủ tiếu Nhân Quán,10.3493204,107.0785324
HCM_04297,Gà Tam Kỳ,10.3590681,107.0903314
HCM_04298,Quán Tre,10.3621657,107.0924388
HCM_04299,Ngọc Lan,10.3809104,107.1110909
HCM_04300,79 Nha Trang,10.3521814,107.0768477
HCM_04301,Ốc Tự Nhiên,10.3519322,107.0769801
HCM_04302,Chè Hiệp,10.3522949,107.080471
HCM_04303,Phở Hữu Nghị,10.3660291,107.0901919
HCM_04304,Cafe Sân Thượng,10.3509691,107.0667612
HCM_04305,Rù Rì,10.350695,107.0666561
HCM_04306,Alibaba's,10.3510951,107.0667962
HCM_04307,Vịt,10.365265,107.0897396
HCM_04308,Nhà Nghỉ Biển Xanh,10.3593854,107.0980834
HCM_04309,Nhà Nghỉ Biển Xanh,10.3595322,107.0978705
HCM_04310,Bánh Xèo,10.3599992,107.0776899
HCM_04311,Kem Saigon,10.3475471,107.0774926
HCM_04312,Nhà nghỉ Ngân Hàng Công Thương,10.3475468,107.0771127
HCM_04313,Bạch Dương,10.3532754,107.0774185
HCM_04314,Ami's Kitchen,10.3475895,107.0774547
HCM_04315,Quán 19,10.3473329,107.0772886
HCM_04316,Cây Đa,10.3474108,107.0772415
HCM_04317,R&B Milk Tea,10.3528421,107.0813155
HCM_04318,Cá viên chiên,10.3524068,107.0804464
HCM_04319,H Coffee & tea,10.3471817,107.0744576
HCM_04320,the coffee house ,10.3531361,107.0874705
HCM_04321,Blue Corner Restaurant Cafe,10.3310479,107.0828004
HCM_04322,Quán Cơm Chay Thuận Duyên,10.3500771,107.0861885
HCM_04323,Cafe Ô Cấp,10.3324237,107.0733534
HCM_04324,Lô Cốt Hải Đăng,10.3368052,107.074099
HCM_04325,Hầm Thủy Lôi,10.3793526,107.0591897
HCM_04326,Quán Bar Hồ Mây,10.3576747,107.067907
HCM_04327,Cafe Gia Thùy,10.3632743,107.0809245
HCM_04328,Cà phê Gia Thùy,10.3632905,107.0808866
HCM_04329,NOVENA HOTEL,10.3294463,107.0871769
HCM_04330,Hủ tiếu mì,10.3825387,107.0656733
HCM_04331,Quán ốc,10.382551,107.0656631
HCM_04332,Vườn Ốc WongNai,10.34477,107.076924
HCM_04333,Chin Chin Tea,10.3697841,107.0851276
HCM_04334,Lapen Center,10.3698233,107.0850644
HCM_04335,Má Tám Nhung,10.370372,107.0745007
HCM_04336,Bùi Viện,10.3425949,107.0755126
HCM_04337,Cần Coffee,10.3560746,107.0836475
HCM_04338,LK14,10.3616284,107.0749478
HCM_04339,Ca Phe So 1,10.3619749,107.0752279
HCM_04340,Mean,10.3618376,107.0749742
HCM_04341,Phở Tâm,10.3649105,107.0969343
HCM_04342,Gio,10.3563232,107.0884116
HCM_04343,De Huong Son,10.3615751,107.0920943
HCM_04344,The Regal,10.3315324,107.0816988
HCM_04345,Café Góc Phố,10.3506263,107.0877145
HCM_04346,Khách Sạn Vui,10.3333378,107.0819895
HCM_04347,Ốc 15k,10.3435358,107.0847669
HCM_04348,Cafe Cam Ép,10.3373668,107.0805495
HCM_04349,Chè Ơbai,10.3403127,107.0815741
HCM_04350,Thuý Hoan,10.3780112,107.1102288
HCM_04351,Xanh,10.3545746,107.0910943
HCM_04352,Gianni,10.3365083,107.0829852
HCM_04353,Út Nhỏ,10.3380917,107.0854437
HCM_04354,Hoàng Gia,10.3375209,107.0848882
HCM_04355,Lẩu Bò 6 Thanh,10.3358525,107.0817192
HCM_04356,Ốc Nhi,10.3556884,107.0834098
HCM_04357,Chợ Phường 8,10.3634914,107.0915822
HCM_04358,Cơm Niêu Hoa Sữa,10.3654462,107.0935678
HCM_04359,Hội Ngộ,10.3798266,107.1091408
HCM_04360,Không Tên,10.3933096,107.1312986
HCM_04361,Tuyet Van 2,10.3580312,107.0901638
HCM_04362,Khách sạn Kim Ngân,10.3499544,107.0917
HCM_04363,Oc tu nhien,10.3519077,107.0768867
HCM_04364,Twin Boys,10.3771876,107.1106321
HCM_04365,Ta Ta,10.3605208,107.0830818
HCM_04366,2 Tấn,10.3723317,107.0725608
HCM_04367,Thảo Vy,10.3471104,107.0956613
HCM_04368,La Sirena,10.3432356,107.095369
HCM_04369,La Bonita Beach Club,10.3433154,107.0957277
HCM_04370,The Cap,10.3504047,107.0983234
HCM_04371,Ibis Styles,10.3363646,107.0902526
HCM_04372,Lửa Hồng,10.3369767,107.090718
HCM_04373,Cáp treo Vũng Tàu,10.3511062,107.0663621
HCM_04374,Nhà hàng New Wave,10.3398516,107.0935021
HCM_04375,Chợ Ẩm thực đên San Hô Xanh,10.3381932,107.0921114
HCM_04376,Hoa Mai,10.3303853,107.0881565
HCM_04377,Khách sạn Hà Thành,10.3306307,107.084856
HCM_04378,Nhà điều dưỡng người có công,10.3330979,107.0889256
HCM_04379,Nguyên Vũ 43,10.3308477,107.0884307
HCM_04380,Nhà nghỉ 43,10.3307995,107.0884173
HCM_04381,Ánh Hồng,10.3307626,107.0884053
HCM_04382,Cô Ba Vũng Tàu,10.3415073,107.0783745
HCM_04383,Làng Cá,10.3870812,107.0615181
HCM_04384,Thuyền Sao Mai,10.3796346,107.055459
HCM_04385,Cha Henri,10.3724425,107.0595655
HCM_04386,Trận địa pháo cổ,10.3368884,107.0745027
HCM_04387,Căn tin Bến xe,10.3503954,107.0864587
HCM_04388,Ngọc Toàn,10.3505669,107.0866491
HCM_04389,Bụi Trúc,10.3436624,107.0785998
HCM_04390,Lan Rừng,10.3420641,107.0781076
HCM_04391,Palace Hotel,10.3431881,107.0759752
HCM_04392,Grand,10.3436565,107.07553
HCM_04393,Trận địa pháo trên Núi Lớn,10.3568242,107.0636103
HCM_04394,Lẩu bò Bàu Sen,10.3458703,107.0758478
HCM_04395,Thống Nhất,10.3459072,107.0761
HCM_04396,Bánh canh giò heo,10.348778,107.0761623
HCM_04397,Đường Sách Vũng Tàu,10.3476497,107.0735975
HCM_04398,The Wind Boutique Hotel,10.3362474,107.0811479
HCM_04399,Coffee,10.3382154,107.0766381
HCM_04400,Cafe Bảo tàng,10.3502398,107.0698249
HCM_04401,Cà phê Thông tin,10.3623478,107.0918251
HCM_04402,Cafe Thanh Thanh,10.3591009,107.0982656
HCM_04403,BeeShip.me,10.3342246,107.0880557
HCM_04404,Kim Minh Boutique,10.3489983,107.075699
HCM_04405,Đất,10.3383024,107.0785974
HCM_04406,Đất,10.3378392,107.0786347
HCM_04407,SOLsoy - Trà Sữa Đậu Nhà Bà Tư,10.3322094,107.0860725
HCM_04408,No 21 Eatery & Bar,10.3485605,107.0776613
HCM_04409,Ancient Artillary Battlefield,10.3286782,107.0826765
HCM_04410,Dâu Tây Shop - Ăn Vặt & Sữa Chua,10.3511362,107.0875973
HCM_04411,Palm Villas,10.333308,107.0854828
HCM_04412,Suna's HOME,10.3364135,107.0818195
HCM_04413,Ốc thiên nhiên,10.3510754,107.0828898
HCM_04414,Đồ nướng (VT),10.3905441,107.102356
HCM_04415,Quán Thảo Nguyên,10.3572329,107.0634006
HCM_04416,Ốc Diễm,10.3632301,107.0890586
HCM_04417,Buffe,10.346275,107.0876191
HCM_04418,xăng-ti-mét (cà và trà),10.3473166,107.0748156
HCM_04419,Tiệm nhà KITE,10.3486753,107.0758858
HCM_04420,Bánh Khọt - Bà Thám,10.3399565,107.0811864
HCM_04421,Sủi Cảo,10.3495857,107.0783854
HCM_04422,Bánh Khọt 368 (40k),10.3474509,107.0791012
HCM_04423,Fruits (cheap & specials),10.3499361,107.086166
HCM_04424,Hùng - Hủ Tiếu Mực,10.3416858,107.0819027
HCM_04425,Loan Cháo Lòng,10.3405298,107.0814752
HCM_04426,Quan Su Bin - Bò Lá Lốt,10.3416101,107.0818748
HCM_04427,Bò Kho,10.3454033,107.0797093
HCM_04428,"Cô Nhỏ - Bánh Khọt, Bánh Căn, Bánh Xèo",10.3416515,107.0818887
HCM_04429,Highlands Coffee,10.3511429,107.0863635
HCM_04430,Thuk don,10.3690052,107.0765549
HCM_04431,Buddha,10.3570077,107.0711308
HCM_04432,Lien Thanh,10.3554465,107.0747863
HCM_04433,Vung Tau Hash House Harriers (VTH3),10.3505359,107.0715014
HCM_04434,V Boutique Hotel,10.337667,107.082856
HCM_04435,Sea & Sun 2,10.3567986,107.0604982
HCM_04436,Sea & Sun 1,10.3555256,107.0612337
HCM_04437,Oasis Sea,10.3552532,107.0613718
HCM_04438,Ly's cafe,10.3367731,107.0807435
HCM_04439,Poke Vung Tau,10.3403598,107.0768667
HCM_04440,Soul Pizza,10.3505988,107.0731083
HCM_04441,Cỏ Mây,10.3399278,107.0825846
HCM_04442,Xôi,10.3399511,107.082483
HCM_04443,KFC,10.3499672,107.0939579
HCM_04444,Pho Bac Ha,10.3765544,107.1118097
HCM_04445,The Wind Boutique Resort,10.3357344,107.0804987
HCM_04446,Chay Tâm Từ,10.339391,107.0855898
HCM_04447,Tịnh Mẫn,10.3667009,107.0824931
HCM_04448,Qúan Chay 99,10.3541275,107.0732054
HCM_04449,Bếp Chay Cỏ Mây,10.3532493,107.0892633
HCM_04450,Cơm Chay Minh Trang,10.363313,107.0890666
HCM_04451,Kem Tự Chọn,10.3486221,107.0729176
HCM_04452,The Station Coffee,10.3486109,107.0732152
HCM_04453,Vườn Chay,10.3531743,107.0899297
HCM_04454,Hala Coffee,10.3692476,107.0889976
HCM_04455,Lâm Phong,10.3693782,107.0888686
HCM_04456,Mộc Nhiên,10.3689571,107.0890391
HCM_04457,Saltwater,10.3503269,107.0718028
HCM_04458,Pizza Fox House,10.3443364,107.0798794
HCM_04459,Rie Homestay Vũng Tàu,10.3386506,107.0889676
HCM_04460,Cát Phương Gia ( Dimsum),10.3490123,107.0785793
HCM_04461,Xuyến Gà Tần,10.3833539,107.0979944
HCM_04462,Chợ Phường 7,10.3677588,107.0829203
HCM_04463,MIXUE - Ice Cream & Tea,10.34784,107.0747516
HCM_04464,Ca Phe 28,10.3366022,107.0850441
HCM_04465,McDonald's,10.3390456,107.0918892
HCM_04466,Holy Beans,10.3238978,107.0845036
HCM_04467,Com Tam,10.3319806,107.0872659
HCM_04468,Highlands Coffee,10.3501003,107.093887
HCM_04469,Com 67,10.3442989,107.090107
HCM_04470,Quach's Seafood,10.3402224,107.088331
HCM_04471,Rovina,10.3366413,107.085112
HCM_04472,Highlands Coffee,10.3320918,107.0890346
HCM_04473,Banh Khot Doi Ngoc Tuoc,10.3339847,107.085675
HCM_04474,Pho Khiem,10.3371622,107.0846306
HCM_04475,Moc Vi Vegan Buffet,10.3369879,107.083806
HCM_04476,Com Chay,10.3398299,107.0836035
HCM_04477,Com Tam Lo Lem,10.3407826,107.0838859
HCM_04478,Chay Duc Tri Buffet,10.3442755,107.0815091
HCM_04479,Com Tam An Duong Duong,10.3414268,107.0780198
HCM_04480,Mi Nhon,10.3469702,107.0744225
HCM_04481,Dylan Hotel,10.3353399,107.0847866
HCM_04482,Com Tam An Giang,10.3342982,107.085742
HCM_04483,Min Pickleball,10.3649771,107.0777319
HCM_04484,Mường Thanh Hotel,10.3459508,107.075433
HCM_04485,Công viên Đại An,10.3768096,107.0876886
HCM_04486,Rex,10.3486827,107.0726942
HCM_04487,Công viên Trần Hưng Đạo,10.3422984,107.0773554
HCM_04488,Chợ Vũng Tàu,10.3482132,107.0859232
HCM_04489,Công viên Tam Giác,10.3468874,107.0736633
HCM_04490,Diamond Star Hotel,10.3455524,107.0770975
HCM_04491,Công viên Bãi Trước,10.3438666,107.0742356
HCM_04492,Công viên Lê Quý Đôn,10.3507128,107.0745595
HCM_04493,Cafe Suối Bên Biển,10.3507499,107.0662711
HCM_04494,Bạch Dinh,10.3507783,107.0685886
HCM_04495,Victory Hotel,10.3377823,107.0910766
HCM_04496,Lam Son,10.3517244,107.0720843
HCM_04497,Công viên Nghinh Phong,10.3241979,107.0863834
HCM_04498,Imperial Plaza,10.3433008,107.0944193
HCM_04499,Tượng Chúa Kitô Vua,10.3265012,107.0845207
HCM_04500,Công viên Tao Phùng,10.3244489,107.0856287
HCM_04501,Nhà khách Hạ Long,10.3364686,107.0719659
HCM_04502,Tượng Trần Hưng Đạo,10.3423825,107.0773329
HCM_04503,Chợ Rạch Dừa,10.3980115,107.1160115
HCM_04504,Pullman Hotel,10.3485542,107.0945643
HCM_04505,Petro Hotel,10.3513197,107.0733455
HCM_04506,Sông Hồng,10.3497869,107.0723899
HCM_04507,Pacific Hotel Vung Tau,10.3468727,107.0746484
HCM_04508,Lăng Ký,10.3476552,107.0759032
HCM_04509,Hai Vuong Seafood,10.3430404,107.0951958
HCM_04510,Lam Son Square,10.3489997,107.0738152
HCM_04511,Sơn Tịnh,10.3307348,107.0874513
HCM_04512,Saigon 85,10.3335346,107.0887321
HCM_04513,Nghinh Phong,10.3341265,107.0885572
HCM_04514,Medicoast Hotel,10.3446992,107.0952172
HCM_04515,Palm,10.3479851,107.0946311
HCM_04516,The Coast Hotel,10.3294736,107.0867029
HCM_04517,Niết Bàn Tịnh Xá,10.3306313,107.0767986
HCM_04518,Sea View Residence,10.32889,107.079284
HCM_04519,Petrosetco,10.3420502,107.076336
HCM_04520,Gốc Vú Sữa,10.3401079,107.0788611
HCM_04521,Sao Việt,10.3416627,107.0832089
HCM_04522,Mì Nghiệp Ký,10.3516488,107.0793691
HCM_04523,Garden 1,10.3499087,107.0730067
HCM_04524,Mr. Ket,10.3485624,107.0744442
HCM_04525,Chợ Phường 1,10.3501551,107.0755521
HCM_04526,Vung Tau Intourco Resort,10.3523673,107.1027592
HCM_04527,Seaside,10.3531619,107.0640502
HCM_04528,Petro House,10.3492265,107.0749401
HCM_04529,Sammy,10.342649,107.0938325
HCM_04530,Vung Tau P&T,10.3410652,107.0742642
HCM_04531,Chợ Bến Đá,10.3799779,107.0669699
HCM_04532,Saigon 85,10.3334377,107.0891192
HCM_04533,Hương Sen,10.3470109,107.0957894
HCM_04534,Cầu Đá cổ,10.3398691,107.0693793
HCM_04535,Lotte Mart Vũng Tàu,10.350197,107.0939722
HCM_04536,Camy A.Sin Hotel & Apartments,10.3363327,107.0814498
HCM_04537,Belly's Watering hole,10.3374675,107.0803767
HCM_04538,OMG,10.3303147,107.0841864
HCM_04539,Vuvuzela Beer Club,10.3432021,107.0946882
HCM_04540,New Wave Hotel,10.3409616,107.0921705
HCM_04541,Bimexco Resort,10.3531536,107.1033365
HCM_04542,Off Shore Hotel,10.3501682,107.0734587
HCM_04543,Van Chai Seafood Restaurant,10.3475617,107.0935243
HCM_04544,Malibu Hotel,10.3476982,107.0950518
HCM_04545,DIC Star,10.3509838,107.1002924
HCM_04546,Cap Saint Jacques Hotel,10.3509268,107.0998271
HCM_04547,Spring Hotel,10.3518477,107.1000252
HCM_04548,Ngọc Hân Hotel,10.3517002,107.1004403
HCM_04549,Khách sạn Hoa Phượng Đỏ,10.3513176,107.0986198
HCM_04550,Trường Ân,10.3296255,107.0876907
HCM_04551,Minh Trang,10.3296525,107.0876144
HCM_04552,Vườn cây Cường Để,10.3470854,107.0783928
HCM_04553,Bảo tàng Bà Rịa-Vũng Tàu,10.3505392,107.0696808
HCM_04554,The Coffee House,10.3483067,107.0740269
HCM_04555,Phở Pasteur Hoa Lan,10.3490543,107.0773482
HCM_04556,Nhà Khách Trường CĐ Dầu Khí,10.3682722,107.0628906
HCM_04557,Green hotel,10.337459,107.0909249
HCM_04558,Mepros hotel,10.3372806,107.0908468
HCM_04559,Công viên Hoàng Xuân Hãn,10.3915253,107.1215175
HCM_04560,Công viên 217 Nguyễn Hữu Cảnh,10.3863985,107.1088045
HCM_04561,Black Pearl Bar Vung Tau,10.3301362,107.0768332
HCM_04562,Cafe 77,10.3374441,107.071674
HCM_04563,Wings,10.3357115,107.0718995
HCM_04564,David,10.3355689,107.0718818
HCM_04565,Nhà hàng hải sản Lâm Đường,10.3867037,107.0632172
HCM_04566,Vườn Ốc WongNai,10.3447896,107.0769545
HCM_04567,Đài liệt sĩ,10.3489604,107.0927903
HCM_04568,Di tích nhà má Tám Nhung,10.3702741,107.0744531
HCM_04569,Nhà nghỉ Công Đoàn Ngân hàng Chính sách Xã hội,10.3464106,107.0952345
HCM_04570,88 Beer Garden,10.3399969,107.0923815
HCM_04571,Thuỳ Vân,10.3342309,107.0896776
HCM_04572,Huy Hùng,10.3371753,107.0906966
HCM_04573,Romeliess,10.3305904,107.0882227
HCM_04574,Hoàng Minh,10.3304873,107.0880399
HCM_04575,Hoa Ti Gôn,10.3389873,107.0925735
HCM_04576,KDL San Hô Xanh,10.338682,107.0924554
HCM_04577,Tuyết Mai,10.3296802,107.0875386
HCM_04578,Nhà khách 17 Thuỳ Vân,10.3301408,107.0878675
HCM_04579,Vung Tau Riva Hotel,10.3297056,107.0878437
HCM_04580,Ruby,10.3332661,107.088543
HCM_04581,La Castle,10.3331269,107.0879456
HCM_04582,Nguyên Hà,10.3332862,107.0876362
HCM_04583,Minh Nhân,10.3313731,107.0871768
HCM_04584,Hoàng Nam,10.3314518,107.087604
HCM_04585,Ocean star hotel,10.3309843,107.0882185
HCM_04586,Ngọc Hạnh Hotel,10.3310933,107.0883537
HCM_04587,Chợ Phường 9,10.3729378,107.0862756
HCM_04588,Phúc Lộc,10.3410027,107.0781887
HCM_04589,Cây Bàng,10.3696504,107.0605307
HCM_04590,Đức Mẹ Bãi Dâu,10.3714531,107.0624465
HCM_04591,Mermaid Seaside,10.3715043,107.0592335
HCM_04592,Hai Au,10.3390838,107.0722117
HCM_04593,Công viên Thuỷ Giang,10.395808,107.1066797
HCM_04594,Chợ Thắng Nhất,10.3917077,107.1015138
HCM_04595,You & Me Coffee,10.3453805,107.0768777
HCM_04596,Nhà thờ Vũng Tàu,10.3461195,107.0773646
HCM_04597,Lee King Hotel,10.3529597,107.0648556
HCM_04598,Phở Thiện Lợi,10.3483618,107.0748072
HCM_04599,Thuận Ký,10.3484236,107.0748509
HCM_04600,Công viên An Hải,10.3807038,107.1147064
HCM_04601,Hoa Sứa,10.3636592,107.0622933
HCM_04602,Bình An Village,10.3557104,107.0610204
HCM_04603,Hàng Quyên,10.3764698,107.0706824
HCM_04604,Annata Beach Hotel,10.3489497,107.097939
HCM_04605,Bui Roman,10.3850195,107.0610411
HCM_04606,Down Under,10.3365652,107.0813073
HCM_04607,Vegan cafe,10.3400717,107.0826923
HCM_04608,No.96 Deli,10.3519273,107.0746343
HCM_04609,Công viên Tô Ngọc Vân,10.3544072,107.098348
HCM_04610,Indocharm Villa,10.3687542,107.0635865
HCM_04611,Khách sạn Thắng Lợi,10.3383435,107.0910587
HCM_04612,Lăng Ông Nam Hải Thắng Nhì,10.3718294,107.0766752
HCM_04613,Quảng trường Trưng Vương,10.3483997,107.0756633
HCM_04614,Công viên Ao cá,10.3319054,107.0843962
HCM_04615,Khu Du Lịch Đại Nam,11.0432629,106.6347994
HCM_04616,Pizza Hut BigC Bình Dương,10.9871843,106.6646707
HCM_04617,Heo Mọi II Quán,11.00283,106.6635272
HCM_04618,Phương Ngân Karaoke,10.9752417,106.6638995
HCM_04619,Dai Nam Zoo,11.0488817,106.6249326
HCM_04620,Cafe Truc,10.9735521,106.664009
HCM_04621,Hoàng Koi,10.9775001,106.6597061
HCM_04622,Chợ quang vinh 1,11.0466327,106.73939
HCM_04623,An Tam Factory,11.0345876,106.7581365
HCM_04624,Quán ngon vietnamese food,10.9646558,106.6676645
HCM_04625,Diem Hen,10.974677,106.6777399
HCM_04626,Sữa đậu xanh Bình dương,10.980496,106.6538245
HCM_04627,Coffee Phòng Tranh,10.9901355,106.6665044
HCM_04628,Trung tâm tiệc cưới - hội nghị KIM CƯƠNG,10.9510656,106.7056058
HCM_04629,hải sản hương đồng quê,11.0427087,106.7278397
HCM_04630,lẩu gà hương đồng quê,10.9922559,106.6681538
HCM_04631,Ks hoang cung,10.9647688,106.6756673
HCM_04632,The nanny,10.9733818,106.6639672
HCM_04633,Khai Hoan,10.9935869,106.6646338
HCM_04634,gió và nước,10.9644948,106.6734277
HCM_04635,3 cây nhang,10.9575777,106.6627504
HCM_04636,Vũ Gia,10.9905656,106.6636781
HCM_04637,Chợ Đình,10.9855069,106.6679563
HCM_04638,Trung Nguyên,10.9872605,106.6646102
HCM_04639,Becamex Hotel,10.9761396,106.6714083
HCM_04640,Pallet Coffee,10.9779775,106.6728057
HCM_04641,sonic,10.9654039,106.6766514
HCM_04642,Gió và Nước (Thủ Dầu Một),10.9645007,106.67341
HCM_04643,Nhà mẹ bé Khang,10.9982151,106.7232406
HCM_04644,yamaha town thủy tuyen phát,11.0971429,106.6260303
HCM_04645,Nhật Tiến,10.9720464,106.6816478
HCM_04646,Bánh Xèo Nhà Em,10.9988634,106.7101614
HCM_04647,Ông Tây Quán Texas Beef,10.9736252,106.6657943
HCM_04648,Trà Tiên Hưởng -- Fresh Tea,10.978453,106.6591243
HCM_04649,Mosquito Bakery and Coffee,10.9784687,106.6593111
HCM_04650,Bonba Tea Bar,10.9741998,106.6705976
HCM_04651,Gia Đình Đậu,10.9739182,106.6806595
HCM_04652,Ngân Cường,10.9587338,106.6983389
HCM_04653,Mix Trà Trái Cây Tươi,10.9770135,106.6642677
HCM_04654,Hai Ba Cuốn -- bánh tráng cuốn,10.9781649,106.6574382
HCM_04655,Cueicha Trà Sữa,10.9907237,106.6569057
HCM_04656,Xôi,10.9926115,106.6505027
HCM_04657,Cháo Trắng Đậu,10.9759967,106.6578212
HCM_04658,Mì Quảng Phố Hội An,10.9948192,106.6506969
HCM_04659,Whisk Cheese and Teas,10.9885182,106.6645585
HCM_04660,Bánh Canh Cua 270,10.9785012,106.6604214
HCM_04661,Bánh Bạch Tuộc,10.985105,106.6524744
HCM_04662,Cô Lan Hội An - bánh mì và bún thịt nướng,10.9751151,106.6558594
HCM_04663,trái cây,10.9785946,106.6593071
HCM_04664,Boleo Nguyễn,10.9804194,106.65353
HCM_04665,Công ty Tân minh,10.959635,106.7261711
HCM_04666,Nha Nghi Mini,10.9763102,106.6559757
HCM_04667,Trung tâm hội nghị - tiệc cưới Ruby palace,10.9542459,106.7025389
HCM_04668,The Garden House cà phê + trà,10.9735746,106.6784643
HCM_04669,Ẩm Thực Nhà Tôi,10.9668097,106.6663979
HCM_04670,Âm Thực Sơn Hải,10.9759191,106.6554568
HCM_04671,Hoang phi hotel,11.0092884,106.6717651
HCM_04672,Thick Gà,11.0092668,106.7183786
HCM_04673,Xanh2GO # đường D1 - KDC Phú Hòa,10.9751287,106.6761338
HCM_04674,Lẩu Mắt Heo,11.0242635,106.622525
HCM_04675,Yumi Yumi Coffee,10.9709899,106.7556724
HCM_04676,FRITea,10.9742721,106.6794108
HCM_04677,Cetanā Cafe & Tea,10.97542,106.6649358
HCM_04678,Chợ Hài Mỹ,10.9745582,106.7154313
HCM_04679,Khách Sạn Elizabeth,10.9739632,106.6748792
HCM_04680,Chợ Tân Phước Khánh,11.0046937,106.7199894
HCM_04681,Chợ Phú Phong,10.9716237,106.7421133
HCM_04682,Chợ Chí Hùng,10.9771814,106.7536811
HCM_04683,Mì Gia An Mỹ,11.0317566,106.6812355
HCM_04684,HOTEL HOÀNG MINH CHÂU MỸ PHƯỚC,11.0969279,106.6380864
HCM_04685,cafe Cay Si,10.9762783,106.6549671
HCM_04686,K'MY hotel,10.9702537,106.6780533
HCM_04687,Khu di tích Hố Lang,10.9571087,106.7493053
HCM_04688,Tiệm cà phê Cô Lúa,10.9963999,106.6693785
HCM_04689,Bún Đậu Hà Thành 2,10.9940845,106.6632044
HCM_04690,Gỏi đu đủ Ty Thy Bình Dương,10.9839885,106.654549
HCM_04691,Chummy Coffee and Tea,10.9560454,106.7344913
HCM_04692,Quách Gia BBQ - Mì Cay (Uyên Hưng),11.058356,106.7975505
HCM_04693,Nhà Hàng Chay Niêu,10.9871225,106.6696764
HCM_04694,cà phê Việt thắng,11.0040044,106.6250573
HCM_04695,Quán 48 Lẩu Má Heo Lòng,11.0403992,106.7767158
HCM_04696,Nhà Nghỉ Hồng Phúc,11.0398875,106.7772722
HCM_04697,Quán Nhậu Kiên Giang,11.0412878,106.7774847
HCM_04698,Kiến Tạo Việt,10.9871544,106.6736759
HCM_04699,Nhà tù Phú Lợi,10.9913018,106.6823101
HCM_04700,Công viên Ngã sáu Thủ Dầu Một,10.9805095,106.6543031
HCM_04701,Chợ Thủ Dầu Một,10.9773191,106.6512814
HCM_04702,Chợ cá,10.9785747,106.6511853
HCM_04703,Công viên Phú Cường,10.9784946,106.656628
HCM_04704,Công viên Thành phố mới Bình Dương,11.0531556,106.6776437
HCM_04705,Công viên phường Uyên Hưng,11.0575455,106.7946372
HCM_04706,Chợ Tân Uyên,11.0590435,106.7945895
HCM_04707,Mỳ Cay MeGunz,10.973895,106.654483
HCM_04708,Công viên nước Bình Dương,10.9890586,106.6617128
HCM_04709,Bảo tàng tỉnh Bình Dương,10.9895718,106.6629
HCM_04710,Vịt Cỏ Vân Đình,10.9751233,106.6767408
HCM_04711,Công viên Huỳnh Văn Cù,10.9929645,106.6553918
HCM_04712,Jang Soo Chon,10.9902406,106.6617858
HCM_04713,Khách sạn Vũ Gia,10.9905694,106.6636727
HCM_04714,Nhà hàng Happy,11.0574478,106.6846979
HCM_04715,Nha Hang Danh Nguyen,11.0577683,106.6846996
HCM_04716,THE SUSHI BAR 7,11.0583545,106.6842353
HCM_04717,Hikari Food Court,11.0587436,106.6835417
HCM_04718,Becamex New City Hotel,11.0560857,106.6839174
HCM_04719,Chợ Hòa Lợi,11.076869,106.6739563
HCM_04720,Như Ý,10.9758351,106.6687643
HCM_04721,Grand Square,10.9755829,106.6713208
HCM_04722,Công viên KDC Hiệp Thành 3,11.0039061,106.6676679
HCM_04723,Bia Factory,10.9722851,106.6654075
HCM_04724,Chợ Tương Bình Hiệp,11.0054197,106.6306613
HCM_04725,JUUGOYA - Nhà hàng Nhật Bản,11.0523504,106.6768374
HCM_04726,Khu du lịch Bửu Long,10.9630001,106.794413
HCM_04727,Cafe Hương Sen,10.9655818,106.7921084
HCM_04728,Nhà hàng Cọ Dầu,10.9598663,106.7909451
HCM_04729,Nhà hàng Du Long,10.9621041,106.7913156
HCM_04730,Chợ Tân Ba,10.9755983,106.7652399
HCM_04731,Công viên Bạch Đằng,10.9802787,106.6468271
HCM_04732,AEON Mall Thành Phố Mới,11.045188,106.678841
HCM_04733,Tàu Lộn Vòng Siêu Tốc,11.0433035,106.6325423
HCM_04734,quán cà phê,11.0041054,106.6250536
HCM_04735,Chợ Cầu,10.847542,106.6356317
HCM_04736,Bảo Tàng TMA,10.8558846,106.6314853
HCM_04737,Võ Văn Tần,10.8255033,106.4574649
HCM_04738,Di tích Lịch sử Ngã ba Giồng,10.8685215,106.5604153
HCM_04739,Gold Coffe,10.8028181,106.4772067
HCM_04740,Dê Ninh Thuận,10.8048776,106.4765532
HCM_04741,Dê Ninh Thuận,10.8048508,106.4765468
HCM_04742,Gold Coffe,10.8027499,106.4771791
HCM_04743,Duc hoa,10.823643,106.4574674
HCM_04744,Ốc Bụi 3,10.8729523,106.5900292
HCM_04745,Ốc Bụi,10.8972309,106.5970791
HCM_04746,Bia Liệt Sĩ,10.8323241,106.5705214
HCM_04747,DNTN Suất Ăn Công Nghiệp Long An VN,10.8981311,106.596382
HCM_04748,Khách Sạn Hoàng Kim Vỹ,10.825099,106.5887477
HCM_04749,Tam Huong place,10.9245576,106.6240402
HCM_04750,Trà sữa Ann's House,10.8332708,106.6196444
HCM_04751,Chợ Vĩnh Lộc A,10.8324893,106.5655415
HCM_04752,Bia Liệt Sĩ Xã Vĩnh Lộc A,10.8135971,106.5777689
HCM_04753,TRUNG TÂM HẠI NÃO HỐC MÔN,10.8847849,106.5916492
HCM_04754,cà phê KOK,10.8895806,106.596232
HCM_04755,Nhà Vũ Đức Hoà,10.8668806,106.4829677
HCM_04756,Cà Phê Hứa Hẹn,10.8692692,106.5895669
HCM_04757,Tanaka Tei,10.8007878,106.6434633
HCM_04758,Công viên thập cẩm effen,10.9008132,106.4616575
HCM_04759,Cà Phê 179,10.9065197,106.5825147
HCM_04760,Chè Hằng,10.8637066,106.6179157
HCM_04761,Coffee Mộc,10.8800418,106.4775182
HCM_04762,DalaFarm Thanh Bình,10.8986563,106.4602897
HCM_04763,Hải Sản Tươi Sống Ốc Quyên 2,10.8141238,106.5939442
HCM_04764,Chợ Lạc Quang,10.8353586,106.6196328
HCM_04765,Chợ Ngã Ba Bầu,10.8701553,106.615238
HCM_04766,Chợ Đầu mối Nông Sản Thực Phẩm Hóc Môn,10.8600343,106.6014401
HCM_04767,Khu Tưởng Niệm Liệt sĩ - Ngã Ba Giồng,10.8675053,106.5600805
HCM_04768,Chợ Đông Thạnh,10.9041924,106.6365673
HCM_04769,Cafe võng bà Đông,10.887335,106.543432
HCM_04770,Tượng đài Chiến sĩ Nam Kỳ khởi nghĩa,10.8238343,106.4578924
HCM_04771,Mixue,10.8046453,106.6473721
HCM_04772,Tượng đài Nam Kỳ Khởi Nghĩa,10.8891744,106.5952698
HCM_04773,Khu Di Tích Dân Công Hỏa Tuyến,10.8392898,106.5506255
HCM_04774,Hồng Trà Tuổi Thơ T003,10.8408957,106.5984635
HCM_04775,Hồng Trà Tuổi Thơ T001,10.8505425,106.5867866
HCM_04776,Qúan Thảo Chay,10.9270013,106.6478222
HCM_04777,Universal Tea,10.800627,106.6329923
HCM_04778,"GU Bình Dân - Quán nhậu ngon gần đây Tây Thạnh, Tân Phú",10.8158476,106.625199
HCM_04779,7 wonders,10.9004059,106.4621585
HCM_04780,Đài tưởng niệm liệt sĩ quận Tân Bình,10.8036382,106.6361317
HCM_04781,Chợ Võ Thành Trang,10.800423,106.6378438
HCM_04782,Chợ An Sương,10.8460021,106.6211754
HCM_04783,Bảo tàng Không quân,10.8026404,106.6493626
HCM_04784,Chợ Sơn Kỳ,10.8058848,106.6225827
HCM_04785,Ngã tư Đức Hòa,10.823892,106.4571306
HCM_04786,Chợ Đức Hòa,10.8188889,106.4535823
HCM_04787,Chợ Hiệp Thành,10.8792862,106.6389457
HCM_04788,Sống Vĩ Đại Chết Vinh Quang,10.8681319,106.5605072
HCM_04789,Chợ Hóc Môn,10.8889115,106.5962818
HCM_04790,Chợ Tân Thới Nhì,10.8966909,106.5776098
HCM_04791,Chợ Hóc Môn,10.8888853,106.5970211
HCM_04792,Chợ Xuân Thới Thượng,10.8636061,106.5689509
HCM_04793,Công Viên Rin Rin,10.8589008,106.5850351
HCM_04794,Nhà tưởng niệm Nguyễn An Ninh,10.8567083,106.6127741
HCM_04795,Chợ Trung Chánh,10.8603504,106.6099327
HCM_04796,Chợ Tân Chánh Hiệp,10.8598516,106.6181902
HCM_04797,Công viên Võ Văn Tần,10.8251237,106.4574911
HCM_04798,Chợ Bà Điểm,10.8402679,106.6001016
HCM_04799,Chợ An Hội,10.8417385,106.644638
HCM_04800,Chợ nông sản Hóc Môn,10.8595847,106.6013207
HCM_04801,Công viên Thị trấn Hóc Môn,10.8889281,106.5958322
HCM_04802,Chợ Ngã Ba Bầu,10.8701702,106.6154551
HCM_04803,Chợ Tân Trụ,10.8188508,106.6346129
HCM_04804,Công viên Rạch Tra,10.916182,106.6482304
HCM_04805,Dinh Quận Đức Hoà,10.8243055,106.4570692
HCM_04806,Dinh quận Hóc Môn,10.8891485,106.5951243
HCM_04807,Công viên Hồ trái tim,10.8062843,106.589531
HCM_04808,Nhà Hàng Đại Phú,10.828889,106.6273256
HCM_04809,Công viên du lịch sinh thái Hóc Môn,10.8586861,106.5818742
HCM_04810,Caphe ang hong,10.7965871,106.4997395
HCM_04811,"Dung ( phở bò,bún bò huế,bò kho)",10.6673071,106.4576608
HCM_04812,Chợ An Thạnh,10.6624206,106.4643929
HCM_04813,Chợ Tân Tây,10.6354106,106.2564713
HCM_04814,BeauChamp Villa,10.5814029,106.3257199
HCM_04815,Hương Quê,11.114865,106.9536653
HCM_04816,Mann Coffee,11.1131837,106.9893348
HCM_04817,Tiệm Trà Xinh,11.0021825,106.9866332
HCM_04818,Chợ Tân Bình,10.9997289,106.8094463
HCM_04819,Chợ Hiếu Liêm,11.1144042,106.9661072
HCM_04820,Đài Tưởng niệm Anh hùng Liệt sĩ huyện Bắc Tân Uyên,11.115853,106.8410693
HCM_04821,Khu cổ mộ Đức ông Trần Thượng Xuyên,11.0552414,106.8351256
HCM_04822,Anh Khoa,11.0594704,106.9298568
HCM_04823,Chợ An Bình,10.8724735,106.7572494
HCM_04824,Chợ Vườn Lài,10.86014,106.6917046
HCM_04825,Nghĩa Dũng Đài,10.8894284,106.8097193
HCM_04826,Hội quán 99,10.904278,106.70301
HCM_04827,Khách Sạn Havy,10.8577936,106.8132522
HCM_04828,Chợ Hiệp Bình Phước,10.863161,106.7210254
HCM_04829,Tư nhớ 9,10.9483525,106.7334429
HCM_04830,Lotte Mart Bình Dương,10.906029,106.7116944
HCM_04831,Coffee House,10.9031315,106.7498346
HCM_04832,Cà phê phố xanh,10.94302,106.7285373
HCM_04833,Cà phê Góc Phố,10.9124043,106.7614783
HCM_04834,Nhà b Lam,10.9350127,106.7440919
HCM_04835,Canteen H6,10.8798233,106.8063266
HCM_04836,coffee A6,10.8757635,106.8057509
HCM_04837,Nhà Ăn A11,10.876471,106.8066492
HCM_04838,Tiệm Nét A7,10.8782968,106.8071574
HCM_04839,Nhà ăn AH1,10.8815531,106.8086954
HCM_04840,Ice-C A1,10.8771857,106.8065156
HCM_04841,Nhà Ăn A3,10.8778356,106.8061546
HCM_04842,Nhà ăn AG4,10.8810396,106.8099903
HCM_04843,Nhà ăn AG3,10.8808807,106.8101132
HCM_04844,Bánh ướt A18,10.8798466,106.8083531
HCM_04845,Internet A10,10.8770444,106.8063104
HCM_04846,Nhà Ăn A10,10.8768499,106.806051
HCM_04847,Cafe A3,10.8777584,106.8062483
HCM_04848,Cafe A3,10.8775503,106.806125
HCM_04849,Phở A9,10.8789628,106.8069176
HCM_04850,Nhà ăn A8,10.8786917,106.807438
HCM_04851,Phở A8 + Tạp hoá,10.8789548,106.8073615
HCM_04852,Phở A12,10.878563,106.8078418
HCM_04853,Lấy nước A11,10.8766898,106.8066363
HCM_04854,Nhà ăn A4,10.8780815,106.8062707
HCM_04855,IU Canteen,10.8776017,106.8006565
HCM_04856,Hội Quán Sinh Viên Chiến Đạt,10.8737944,106.8001592
HCM_04857,Nhà Hàng Cơm Chay 8k,10.8725181,106.804079
HCM_04858,The Zero Coffee,10.8772777,106.8006179
HCM_04859,Cafe Truyền Thuyết,10.87338,106.8007864
HCM_04860,Cà Phê Điểm Hẹn,10.8733211,106.8011735
HCM_04861,Nha 850,10.9184792,106.7547593
HCM_04862,Chợ Khiết Tâm,10.8763939,106.746659
HCM_04863,Bún Mắm cô Năm đồng tháp,10.9025554,106.7695933
HCM_04864,Quán Cô Ba bánh canh -Bún- Chả cá - nem nướng,10.8555561,106.8035164
HCM_04865,Cafe 368,10.9247742,106.7664848
HCM_04866,Soul Trà Sữa + Board Games,10.9449981,106.7075832
HCM_04867,Chợ Bình An,10.8984228,106.8084973
HCM_04868,caffe benly,10.8797196,106.8113029
HCM_04869,Đài Tưởng Niệm Liệt Sỹ Ấp Doi,10.8557082,106.6736408
HCM_04870,Công ty Sửa chữa & Mua bán Xe nâng Hoàng Gia tại Bình Dương,10.9230601,106.7686184
HCM_04871,Ký túc xá Khu A ĐHQG Thành phố Hồ Chí Minh,10.8782097,106.8062384
HCM_04872,Phú hồng thịnh,10.9042079,106.7962785
HCM_04873,ĂN VẶT CHINH CHINH,10.9074445,106.7354271
HCM_04874,Tiệm Bánh Xèo,10.8523513,106.6559853
HCM_04875,Chợ Linh Xuân,10.8774415,106.7660961
HCM_04876,Chợ Xóm Mới,10.8500841,106.6643054
HCM_04877,Chợ Thông Dụng,10.9359603,106.7447949
HCM_04878,Chợ Bình Đáng,10.9193995,106.7290922
HCM_04879,Cà Phê Xóm Vắng 2,10.9041885,106.7564231
HCM_04880,Chợ Đêm Linh Trung,10.8896113,106.7269697
HCM_04881,Chợ 78,10.9396653,106.7187971
HCM_04882,Chợ Dĩ An 2,10.8847076,106.7579605
HCM_04883,Chợ 434,10.9179867,106.7343481
HCM_04884,Cà Phê Thuỷ Trúc,10.9212442,106.6744625
HCM_04885,Xe tăng T-59 955,10.9585198,106.829379
HCM_04886,Pháo 130 K-59-1,10.9586203,106.8295289
HCM_04887,Xe tăng T-59 126,10.9588258,106.8295044
HCM_04888,Trực thăng 831,10.9588728,106.8295819
HCM_04889,Pháo 105 M1-A1,10.9587779,106.8294292
HCM_04890,Máy bay 6144,10.9579754,106.8297075
HCM_04891,Pháo 130 K-59-1,10.9587148,106.829684
HCM_04892,Pháo 130 K-59-1,10.9586663,106.8296017
HCM_04893,Pallet Aparment,10.9080047,106.7422128
HCM_04894,KS Giá Tốt,10.9079592,106.7422377
HCM_04895,Căn hộ dịch vụ Bình Dương,10.9080856,106.7422607
HCM_04896,Ông Bầu,10.9068024,106.7538035
HCM_04897,Trung Nguyên Coffee,10.9066485,106.754312
HCM_04898,Le Gia Trang Coffee,10.8578339,106.8444308
HCM_04899,KFC,10.9587962,106.8341887
HCM_04900,Lotteria,10.9577874,106.8434766
HCM_04901,Cà phê A4,10.8782988,106.806455
HCM_04902,Get Go,10.8517111,106.8144948
HCM_04903,Lotteria,10.9484286,106.8169121
HCM_04904,Bánh mì chay Lạc Tâm,10.9480509,106.8149987
HCM_04905,Chợ đêm Biên Hùng,10.9533848,106.8215467
HCM_04906,Neo Suki,10.9468166,106.8276402
HCM_04907,Lẩu Tôm 5 Ri,10.9507292,106.8089206
HCM_04908,Ký túc xá Khu B ĐHQG Thành phố Hồ Chí Minh,10.8821432,106.7825645
HCM_04909,Quán chay Hai Tiếng,10.9003388,106.8281166
HCM_04910,Tượng đài chiến thắng Bắc Thủ Đức,10.8548215,106.7393358
HCM_04911,Hiên Nắng - Drink & More,10.9482242,106.6859149
HCM_04912,STELLAR 9 LAKE,10.8752974,106.8217369
HCM_04913,Cụm công trình Văn hóa,10.9602922,106.813802
HCM_04914,Bún riêu cua 6868,10.9622136,106.8495798
HCM_04915,Flamme Buffalo,10.9584026,106.8434337
HCM_04916,Phở Gia Long,10.9030842,106.6956071
HCM_04917,Chợ Cầu Đồng,10.868873,106.6840511
HCM_04918,Nhà của Thịnh,10.8849798,106.7820195
HCM_04919,Cafe Cội Nguồn,10.9365129,106.8311907
HCM_04920,Dìn Ký,10.9223014,106.6852946
HCM_04921,Chợ Biên Hòa,10.9464622,106.8143888
HCM_04922,Nhà thiếu nhi tỉnh Đồng Nai,10.9458424,106.816716
HCM_04923,Công viên Lam Sơn,10.9084709,106.8481238
HCM_04924,Công viên Lịch sử - Văn hóa Dân tộc,10.8877109,106.8246941
HCM_04925,Chợ Đông Hòa,10.8903238,106.7858479
HCM_04926,Chợ Dĩ An,10.9071038,106.7700934
HCM_04927,Chợ Nội Hóa,10.8991288,106.7919107
HCM_04928,Chợ Tân Phú,10.8689715,106.8076192
HCM_04929,Chợ đầu mối Thủ Đức,10.8699654,106.7275743
HCM_04930,Công viên Quyết Thắng,10.9489236,106.8221204
HCM_04931,Công viên Khu dân cư Bửu Long,10.956918,106.8086232
HCM_04932,Căn tin,10.8568155,106.7617322
HCM_04933,Công viên Lái Thiêu,10.9044073,106.6999215
HCM_04934,Chợ Lái Thiêu,10.903128,106.6994992
HCM_04935,Chợ Thạnh Xuân,10.8800564,106.6781032
HCM_04936,Kem dua,10.8782497,106.80773
HCM_04937,Chợ Tân Bình,10.9398453,106.7652497
HCM_04938,Chợ Búng,10.9458106,106.6906905
HCM_04939,Chợ Thủ Đức,10.8502385,106.7541973
HCM_04940,Chợ Linh Trung,10.8599715,106.7731619
HCM_04941,Chợ Tam Bình,10.8703194,106.735563
HCM_04942,Công viên Biên Hùng,10.9521473,106.8211669
HCM_04943,Công viên Cách mạng Tháng 8,10.9479348,106.8153989
HCM_04944,Chợ Đông Thành,10.9275074,106.7608264
HCM_04945,Chợ Thống Nhất,10.9084902,106.7523532
HCM_04946,Công viên Tượng đài Xe lửa Dĩ An,10.9074553,106.7485895
HCM_04947,Chợ Xóm Mới,10.9036963,106.7509472
HCM_04948,Công viên tượng đài Quang Trung,10.8899094,106.8006154
HCM_04949,Di tích Nhà lao Tân Hiệp,10.9635507,106.8423247
HCM_04950,Quảng trường tỉnh Đồng Nai,10.9582141,106.828654
HCM_04951,Công viên Kỷ niệm,10.9560655,106.8273154
HCM_04952,Di tích Thành cổ Biên Hòa,10.9507968,106.8170593
HCM_04953,Công viên Dương Tử Giang,10.9630988,106.8425861
HCM_04954,Công viên Chiến thắng Sân bay Biên Hòa,10.9567247,106.8264031
HCM_04955,Quán Treo,10.9559031,106.8428201
HCM_04956,Khách sạn Aurora,10.9573937,106.8448341
HCM_04957,Chợ Hóa An,10.9355325,106.8042842
HCM_04958,Nhà hàng Đồng Quê,10.9525124,106.8434456
HCM_04959,Bảo tàng tỉnh Đồng Nai,10.9584601,106.8298077
HCM_04960,Chợ Hiệp Hòa,10.9308165,106.832293
HCM_04961,Khu du lịch Ngọc Hoa Trang,10.9277912,106.8370496
HCM_04962,Phin Workshop,10.9599598,106.8319257
HCM_04963,Khách sạn Hoà Bình,10.9443805,106.8209715
HCM_04964,Vincom,10.9576282,106.8434304
HCM_04965,Công viên Đồng Tràm,10.9542785,106.8421978
HCM_04966,Lẩu dê Vườn Xoài 15,10.9646566,106.8465935
HCM_04967,Chợ Tân Tiến,10.9644102,106.8491845
HCM_04968,Nhà Truyền Thống Thủ Đức,10.8509752,106.7602131
HCM_04969,Chợ Bửu Hoà,10.9293858,106.8207143
HCM_04970,Chợ Bửu Long,10.9559255,106.8064595
HCM_04971,Chợ Biên Hòa,10.9462789,106.8154647
HCM_04972,Nhà khách 71,10.9452162,106.8230212
HCM_04973,Highlands Coffee,10.9505782,106.8214245
HCM_04974,Highlands Coffee,10.9550626,106.8098758
HCM_04975,Highlands Coffee,10.9609137,106.8499739
HCM_04976,Khách sạn The Mira Central Park,10.959697,106.8336513
HCM_04977,Nhà khách Bộ chỉ huy Quân sự tỉnh Đồng Nai,10.9648838,106.8347891
HCM_04978,The Farm Coffee,10.9571078,106.8276215
HCM_04979,Nhà hàng Kim Ngọc Phát,10.9612695,106.8495046
HCM_04980,Burger Việt,10.9551218,106.8258211
HCM_04981,Bee,10.9550183,106.8256729
HCM_04982,Mì cay Seoul Biên Hùng,10.954935,106.8255712
HCM_04983,Honey,10.9546571,106.825248
HCM_04984,Vibes,10.9543202,106.8248462
HCM_04985,Café 93,10.9509656,106.8206895
HCM_04986,Chợ Nhị Bình,10.9108084,106.6837212
HCM_04987,Khách sạn Đồng Nai,10.9580504,106.8314774
HCM_04988,Chợ Tân Phong,10.9638365,106.8378273
HCM_04989,Bảo tàng Quân đoàn 4,10.8837665,106.7428221
HCM_04990,Công Viên Rạp Hát Dĩ An,10.9059723,106.7687148
HCM_04991,Công Viên Icon Central,10.9332912,106.7487941
HCM_04992,Quán Ra Khơi,10.9492699,106.8371816
HCM_04993,Domino's,10.960802,106.8496672
HCM_04994,Niso Cafe,10.9463464,106.8325579
HCM_04995,Khu du lịch Thủy Châu,10.9009654,106.8192275
HCM_04996,Quán bò Corner,10.9599644,106.8470678
HCM_04997,Chợ Bà Thức,10.9829454,106.8424105
HCM_04998,Trung tâm chiếu phim và mua sắm Thanh Bình,10.9566822,106.8292994
HCM_04999,Izakaya Tozu,10.944849,106.8215433
HCM_05000,Độc Quán,10.9562581,106.8086383
HCM_05001,Cơm niêu Quê Hương,10.9560418,106.8090124
HCM_05002,Cháo súp hương Thùy Vân,10.9502839,106.8127832
HCM_05003,Buffet Lẩu Đại Dương,10.9482558,106.8355677
HCM_05004,Nhà bia ghi danh Anh hùng Liệt sĩ phường Hiệp Bình Phước,10.861158,106.7234836
HCM_05005,Vườn tượng Danh nhân Trấn Biên,10.9621661,106.8016279
HCM_05006,Cà Phê Milano,10.9659223,106.8493555
HCM_05007,Bò Bít Tết Only,10.9583711,106.8335821
HCM_05008,Jollibee,10.9470899,106.8271154
HCM_05009,Hotel Ngọc Sơn,10.9484333,106.8323424
HCM_05010,La La Land,10.9485491,106.8326436
HCM_05011,Phúc Long,10.9482837,106.8323788
HCM_05012,The 9 Livehouse,10.9483647,106.8318489
HCM_05013,Highlands Coffee,10.9483336,106.8326955
HCM_05014,Đậu Coffee,10.9488383,106.8328854
HCM_05015,1893 Dalat,10.9487612,106.8329039
HCM_05016,Flamme Buffalo 2,10.9481257,106.8307605
HCM_05017,VIP Lounge,10.948253,106.8314357
HCM_05018,T-Rex,10.9480737,106.8315416
HCM_05019,KATINAT,10.9479053,106.8307287
HCM_05020,Trung Nguyên E-Coffee,10.948639,106.8317296
HCM_05021,Karaoke Hân Linh,10.9488003,106.8316578
HCM_05022,Cha La,10.9489374,106.8325805
HCM_05023,Khách sạn Hy Thành,10.9488123,106.8324763
HCM_05024,Vịt nướng lu Năm Vân,10.9466217,106.8244252
HCM_05025,Texas Chicken Võ Thị Sáu,10.9466659,106.8246476
HCM_05026,Di tích Nhà Xanh,10.9536333,106.8357371
HCM_05027,"Bia tưởng niệm các anh hùng, liệt sĩ Phường Thạnh Lộc (Cũ)",10.8780397,106.6782406
HCM_05028,Nhà truyền thống chiến khu An Phú Đông,10.8618109,106.6924499
HCM_05029,KFC,10.9605771,106.8500258
HCM_05030,Nhà ăn 1,10.8898418,106.8034373
HCM_05031,Nhà ăn 2,10.8891999,106.8047624
HCM_05032,Công viên Nguyễn Văn Trị,10.9474994,106.8123542
